question_id,level,pass_count,pass_models,fail_models,avg_score,avg_duration_ms,llama33_70b_pass,llama33_70b_score,llama33_70b_duration_ms,llama4_maverick_pass,llama4_maverick_score,llama4_maverick_duration_ms,llama4_scout_pass,llama4_scout_score,llama4_scout_duration_ms,llama31_8b_pass,llama31_8b_score,llama31_8b_duration_ms
L1-001,1,3,meta-llama/llama-3.3-70b-instruct;meta-llama/llama-4-maverick;meta-llama/llama-3.1-8b-instruct,meta-llama/llama-4-scout,0.756,3285,1,0.869,5369,1,0.869,1904,0,0.419,4218,1,0.869,1650
L1-003,1,2,meta-llama/llama-3.3-70b-instruct;meta-llama/llama-4-maverick,meta-llama/llama-4-scout;meta-llama/llama-3.1-8b-instruct,0.775,3028,1,0.875,3035,1,1.000,5333,0,0.637,1898,0,0.589,1844
L2-001,2,1,meta-llama/llama-4-scout,meta-llama/llama-3.3-70b-instruct;meta-llama/llama-4-maverick;meta-llama/llama-3.1-8b-instruct,0.730,3221,0,0.690,3000,0,0.690,3257,1,0.850,3974,0,0.690,2651
L2-003,2,3,meta-llama/llama-3.3-70b-instruct;meta-llama/llama-4-maverick;meta-llama/llama-4-scout,meta-llama/llama-3.1-8b-instruct,0.838,4572,1,0.976,4056,1,0.920,5756,1,0.821,6546,0,0.635,1930
L3-001,3,1,meta-llama/llama-4-scout,meta-llama/llama-3.3-70b-instruct;meta-llama/llama-4-maverick;meta-llama/llama-3.1-8b-instruct,0.584,5763,0,0.663,11560,0,0.443,6072,1,0.866,2603,0,0.364,2817
L3-003,3,3,meta-llama/llama-3.3-70b-instruct;meta-llama/llama-4-maverick;meta-llama/llama-4-scout,meta-llama/llama-3.1-8b-instruct,0.783,6536,1,0.795,11222,1,0.814,6980,1,0.963,5632,0,0.559,2308
L4-001,4,1,meta-llama/llama-3.3-70b-instruct,meta-llama/llama-4-maverick;meta-llama/llama-4-scout;meta-llama/llama-3.1-8b-instruct,0.195,4045,1,0.780,7735,0,0.000,3084,0,0.000,2592,0,0.000,2768
L4-002,4,1,meta-llama/llama-3.3-70b-instruct,meta-llama/llama-4-maverick;meta-llama/llama-4-scout;meta-llama/llama-3.1-8b-instruct,0.176,4393,1,0.704,3713,0,0.000,3426,0,0.000,7534,0,0.000,2897
L4-004,4,1,meta-llama/llama-4-maverick,meta-llama/llama-3.3-70b-instruct;meta-llama/llama-4-scout;meta-llama/llama-3.1-8b-instruct,0.230,5440,0,0.000,13547,1,0.920,4194,0,0.000,3554,0,0.000,463
L6-003,6,2,meta-llama/llama-3.3-70b-instruct;meta-llama/llama-4-maverick,meta-llama/llama-4-scout;meta-llama/llama-3.1-8b-instruct,0.720,3323,1,0.775,3544,1,0.775,4960,0,0.673,2988,0,0.657,1799
L6-004,6,3,meta-llama/llama-4-maverick;meta-llama/llama-4-scout;meta-llama/llama-3.1-8b-instruct,meta-llama/llama-3.3-70b-instruct,0.784,3845,0,0.576,5230,1,0.840,4770,1,0.863,3215,1,0.856,2165
L7-002,7,2,meta-llama/llama-3.3-70b-instruct;meta-llama/llama-4-maverick,meta-llama/llama-4-scout;meta-llama/llama-3.1-8b-instruct,0.562,3059,1,0.830,3800,1,0.830,3678,0,0.276,3237,0,0.312,1519
L8-004,8,3,meta-llama/llama-3.3-70b-instruct;meta-llama/llama-4-maverick;meta-llama/llama-4-scout,meta-llama/llama-3.1-8b-instruct,0.779,14788,1,1.000,45094,1,0.744,4865,1,0.907,5433,0,0.467,3759
L8-006,8,3,meta-llama/llama-4-maverick;meta-llama/llama-4-scout;meta-llama/llama-3.1-8b-instruct,meta-llama/llama-3.3-70b-instruct,0.777,6541,0,0.279,14453,1,0.891,5812,1,1.000,3789,1,0.940,2108
L8-008,8,2,meta-llama/llama-3.3-70b-instruct;meta-llama/llama-4-scout,meta-llama/llama-4-maverick;meta-llama/llama-3.1-8b-instruct,0.356,18266,1,0.713,59212,0,0.000,4853,1,0.713,5083,0,0.000,3916
L8-009,8,3,meta-llama/llama-4-maverick;meta-llama/llama-4-scout;meta-llama/llama-3.1-8b-instruct,meta-llama/llama-3.3-70b-instruct,0.871,4875,0,0.484,2711,1,1.000,7486,1,1.000,3237,1,1.000,6067
L8-010,8,3,meta-llama/llama-3.3-70b-instruct;meta-llama/llama-4-maverick;meta-llama/llama-4-scout,meta-llama/llama-3.1-8b-instruct,0.739,6808,1,0.826,18418,1,0.732,4029,1,0.738,3252,0,0.660,1531
L9-009,9,1,meta-llama/llama-3.3-70b-instruct,meta-llama/llama-4-maverick;meta-llama/llama-4-scout;meta-llama/llama-3.1-8b-instruct,0.250,2415,1,1.000,1605,0,0.000,971,0,0.000,3810,0,0.000,3274
L9-016,9,1,meta-llama/llama-3.3-70b-instruct,meta-llama/llama-4-maverick;meta-llama/llama-4-scout;meta-llama/llama-3.1-8b-instruct,0.250,2097,1,1.000,2374,0,0.000,1361,0,0.000,3564,0,0.000,1090
L9-020,9,3,meta-llama/llama-3.3-70b-instruct;meta-llama/llama-4-maverick;meta-llama/llama-4-scout,meta-llama/llama-3.1-8b-instruct,0.750,1798,1,1.000,1607,1,1.000,1848,1,1.000,1198,0,0.000,2540
L9-024,9,1,meta-llama/llama-4-maverick,meta-llama/llama-3.3-70b-instruct;meta-llama/llama-4-scout;meta-llama/llama-3.1-8b-instruct,0.250,2582,0,0.000,3574,1,1.000,2432,0,0.000,3321,0,0.000,999
L9-025,9,2,meta-llama/llama-4-maverick;meta-llama/llama-4-scout,meta-llama/llama-3.3-70b-instruct;meta-llama/llama-3.1-8b-instruct,0.500,2684,0,0.000,2691,1,1.000,3760,1,1.000,3775,0,0.000,509
L9-032,9,2,meta-llama/llama-3.3-70b-instruct;meta-llama/llama-4-maverick,meta-llama/llama-4-scout;meta-llama/llama-3.1-8b-instruct,0.500,2305,1,1.000,2027,1,1.000,1638,0,0.000,2105,0,0.000,3451
L9-036,9,3,meta-llama/llama-3.3-70b-instruct;meta-llama/llama-4-maverick;meta-llama/llama-4-scout,meta-llama/llama-3.1-8b-instruct,0.750,2228,1,1.000,3387,1,1.000,1355,1,1.000,2957,0,0.000,1212
L9-040,9,3,meta-llama/llama-3.3-70b-instruct;meta-llama/llama-4-maverick;meta-llama/llama-4-scout,meta-llama/llama-3.1-8b-instruct,0.750,3043,1,1.000,2652,1,1.000,4019,1,1.000,2875,0,0.000,2624
L9-044,9,3,meta-llama/llama-3.3-70b-instruct;meta-llama/llama-4-maverick;meta-llama/llama-4-scout,meta-llama/llama-3.1-8b-instruct,0.750,1561,1,1.000,1523,1,1.000,2070,1,1.000,880,0,0.000,1770
L9-047,9,1,meta-llama/llama-4-maverick,meta-llama/llama-3.3-70b-instruct;meta-llama/llama-4-scout;meta-llama/llama-3.1-8b-instruct,0.250,1262,0,0.000,627,1,1.000,1855,0,0.000,1237,0,0.000,1328
L9-048,9,2,meta-llama/llama-3.3-70b-instruct;meta-llama/llama-4-maverick,meta-llama/llama-4-scout;meta-llama/llama-3.1-8b-instruct,0.500,3421,1,1.000,6692,1,1.000,2283,0,0.000,3296,0,0.000,1414
L9-049,9,2,meta-llama/llama-3.3-70b-instruct;meta-llama/llama-4-maverick,meta-llama/llama-4-scout;meta-llama/llama-3.1-8b-instruct,0.500,8293,1,1.000,24578,1,1.000,3946,0,0.000,2815,0,0.000,1831
L9-051,9,1,meta-llama/llama-3.3-70b-instruct,meta-llama/llama-4-maverick;meta-llama/llama-4-scout;meta-llama/llama-3.1-8b-instruct,0.250,2824,1,1.000,1452,0,0.000,2800,0,0.000,4421,0,0.000,2623
L9-052,9,3,meta-llama/llama-3.3-70b-instruct;meta-llama/llama-4-maverick;meta-llama/llama-4-scout,meta-llama/llama-3.1-8b-instruct,0.750,1610,1,1.000,2445,1,1.000,890,1,1.000,1459,0,0.000,1646
L9-060,9,3,meta-llama/llama-3.3-70b-instruct;meta-llama/llama-4-maverick;meta-llama/llama-4-scout,meta-llama/llama-3.1-8b-instruct,0.750,1766,1,1.000,1263,1,1.000,1567,1,1.000,2904,0,0.000,1331
L10-002,10,2,meta-llama/llama-4-maverick;meta-llama/llama-4-scout,meta-llama/llama-3.3-70b-instruct;meta-llama/llama-3.1-8b-instruct,0.500,2868,0,0.000,5116,1,1.000,2966,1,1.000,1623,0,0.000,1767
L10-003,10,1,meta-llama/llama-4-maverick,meta-llama/llama-3.3-70b-instruct;meta-llama/llama-4-scout;meta-llama/llama-3.1-8b-instruct,0.250,3877,0,0.000,3078,1,1.000,7327,0,0.000,3598,0,0.000,1505
L10-005,10,2,meta-llama/llama-4-maverick;meta-llama/llama-4-scout,meta-llama/llama-3.3-70b-instruct;meta-llama/llama-3.1-8b-instruct,0.425,4240,0,0.000,1251,1,1.000,7007,1,0.700,2014,0,0.000,6688
L10-008,10,3,meta-llama/llama-3.3-70b-instruct;meta-llama/llama-4-scout;meta-llama/llama-3.1-8b-instruct,meta-llama/llama-4-maverick,0.675,3659,1,1.000,1413,0,0.000,4678,1,0.700,6672,1,1.000,1871
L10-012,10,3,meta-llama/llama-3.3-70b-instruct;meta-llama/llama-4-maverick;meta-llama/llama-4-scout,meta-llama/llama-3.1-8b-instruct,0.750,3438,1,1.000,2392,1,1.000,4403,1,1.000,4975,0,0.000,1980
L10-013,10,1,meta-llama/llama-3.1-8b-instruct,meta-llama/llama-3.3-70b-instruct;meta-llama/llama-4-maverick;meta-llama/llama-4-scout,0.250,2339,0,0.000,2281,0,0.000,4210,0,0.000,1782,1,1.000,1081
L10-016,10,3,meta-llama/llama-3.3-70b-instruct;meta-llama/llama-4-scout;meta-llama/llama-3.1-8b-instruct,meta-llama/llama-4-maverick,0.750,3154,1,1.000,2393,0,0.000,5154,1,1.000,3913,1,1.000,1156
L10-019,10,1,meta-llama/llama-3.1-8b-instruct,meta-llama/llama-3.3-70b-instruct;meta-llama/llama-4-maverick;meta-llama/llama-4-scout,0.350,3781,0,0.400,4498,0,0.000,3538,0,0.000,4903,1,1.000,2184
L10-020,10,1,meta-llama/llama-4-maverick,meta-llama/llama-3.3-70b-instruct;meta-llama/llama-4-scout;meta-llama/llama-3.1-8b-instruct,0.250,1554,0,0.000,525,1,1.000,3187,0,0.000,1594,0,0.000,909
L10-021,10,1,meta-llama/llama-3.3-70b-instruct,meta-llama/llama-4-maverick;meta-llama/llama-4-scout;meta-llama/llama-3.1-8b-instruct,0.250,2979,1,1.000,5348,0,0.000,3190,0,0.000,2378,0,0.000,999
L10-022,10,1,meta-llama/llama-4-maverick,meta-llama/llama-3.3-70b-instruct;meta-llama/llama-4-scout;meta-llama/llama-3.1-8b-instruct,0.175,2443,0,0.000,1920,1,0.700,2265,0,0.000,4589,0,0.000,997
L10-024,10,2,meta-llama/llama-4-scout;meta-llama/llama-3.1-8b-instruct,meta-llama/llama-3.3-70b-instruct;meta-llama/llama-4-maverick,0.500,2597,0,0.000,4122,0,0.000,3264,1,1.000,1872,1,1.000,1129
L10-025,10,1,meta-llama/llama-3.1-8b-instruct,meta-llama/llama-3.3-70b-instruct;meta-llama/llama-4-maverick;meta-llama/llama-4-scout,0.250,2532,0,0.000,2682,0,0.000,3079,0,0.000,3493,1,1.000,872
L10-026,10,2,meta-llama/llama-3.3-70b-instruct;meta-llama/llama-4-scout,meta-llama/llama-4-maverick;meta-llama/llama-3.1-8b-instruct,0.500,4182,1,1.000,2571,0,0.000,3734,1,1.000,5447,0,0.000,4976
L10-027,10,2,meta-llama/llama-3.3-70b-instruct;meta-llama/llama-3.1-8b-instruct,meta-llama/llama-4-maverick;meta-llama/llama-4-scout,0.500,2510,1,1.000,2682,0,0.000,2714,0,0.000,2274,1,1.000,2370
L10-028,10,1,meta-llama/llama-3.3-70b-instruct,meta-llama/llama-4-maverick;meta-llama/llama-4-scout;meta-llama/llama-3.1-8b-instruct,0.175,1426,1,0.700,1610,0,0.000,2114,0,0.000,868,0,0.000,1112
L10-029,10,1,meta-llama/llama-3.1-8b-instruct,meta-llama/llama-3.3-70b-instruct;meta-llama/llama-4-maverick;meta-llama/llama-4-scout,0.450,4045,0,0.400,11199,0,0.000,2191,0,0.400,1274,1,1.000,1516
L10-032,10,1,meta-llama/llama-3.3-70b-instruct,meta-llama/llama-4-maverick;meta-llama/llama-4-scout;meta-llama/llama-3.1-8b-instruct,0.175,2873,1,0.700,3936,0,0.000,3701,0,0.000,2760,0,0.000,1096
L10-036,10,1,meta-llama/llama-4-scout,meta-llama/llama-3.3-70b-instruct;meta-llama/llama-4-maverick;meta-llama/llama-3.1-8b-instruct,0.250,4487,0,0.000,12945,0,0.000,2333,1,1.000,1488,0,0.000,1183
L10-037,10,2,meta-llama/llama-3.3-70b-instruct;meta-llama/llama-4-maverick,meta-llama/llama-4-scout;meta-llama/llama-3.1-8b-instruct,0.425,3418,1,0.700,3066,1,1.000,4074,0,0.000,4863,0,0.000,1670
L10-040,10,2,meta-llama/llama-3.3-70b-instruct;meta-llama/llama-4-scout,meta-llama/llama-4-maverick;meta-llama/llama-3.1-8b-instruct,0.500,2355,1,1.000,2718,0,0.000,2663,1,1.000,1975,0,0.000,2064
L10-045,10,3,meta-llama/llama-3.3-70b-instruct;meta-llama/llama-4-maverick;meta-llama/llama-3.1-8b-instruct,meta-llama/llama-4-scout,0.750,2393,1,1.000,3577,1,1.000,3375,0,0.000,2223,1,1.000,395
L10-046,10,3,meta-llama/llama-3.3-70b-instruct;meta-llama/llama-4-maverick;meta-llama/llama-3.1-8b-instruct,meta-llama/llama-4-scout,0.750,4010,1,1.000,6688,1,1.000,4905,0,0.000,2645,1,1.000,1802
L10-047,10,1,meta-llama/llama-3.1-8b-instruct,meta-llama/llama-3.3-70b-instruct;meta-llama/llama-4-maverick;meta-llama/llama-4-scout,0.250,2916,0,0.000,2101,0,0.000,5928,0,0.000,1024,1,1.000,2611
L10-048,10,1,meta-llama/llama-3.1-8b-instruct,meta-llama/llama-3.3-70b-instruct;meta-llama/llama-4-maverick;meta-llama/llama-4-scout,0.250,2465,0,0.000,599,0,0.000,5552,0,0.000,2390,1,1.000,1320
L10-049,10,2,meta-llama/llama-4-scout;meta-llama/llama-3.1-8b-instruct,meta-llama/llama-3.3-70b-instruct;meta-llama/llama-4-maverick,0.600,2617,0,0.000,2534,0,0.400,4516,1,1.000,1292,1,1.000,2124
L10-059,10,3,meta-llama/llama-3.3-70b-instruct;meta-llama/llama-4-scout;meta-llama/llama-3.1-8b-instruct,meta-llama/llama-4-maverick,0.750,1660,1,1.000,1847,0,0.000,1549,1,1.000,2279,1,1.000,965
L10-068,10,1,meta-llama/llama-4-scout,meta-llama/llama-3.3-70b-instruct;meta-llama/llama-4-maverick;meta-llama/llama-3.1-8b-instruct,0.175,2607,0,0.000,1673,0,0.000,3661,1,0.700,3321,0,0.000,1773
L10-069,10,1,meta-llama/llama-4-scout,meta-llama/llama-3.3-70b-instruct;meta-llama/llama-4-maverick;meta-llama/llama-3.1-8b-instruct,0.175,1415,0,0.000,1197,0,0.000,1570,1,0.700,1943,0,0.000,948
AGI-006,11,3,meta-llama/llama-3.3-70b-instruct;meta-llama/llama-4-maverick;meta-llama/llama-4-scout,meta-llama/llama-3.1-8b-instruct,0.618,3844,1,0.824,5189,1,0.765,3323,1,0.824,3464,0,0.059,3399
AGI-015,11,2,meta-llama/llama-4-maverick;meta-llama/llama-4-scout,meta-llama/llama-3.3-70b-instruct;meta-llama/llama-3.1-8b-instruct,0.673,4177,0,0.192,4352,1,0.923,4959,1,0.885,3130,0,0.692,4266
AGI-063,11,1,meta-llama/llama-3.3-70b-instruct,meta-llama/llama-4-maverick;meta-llama/llama-4-scout;meta-llama/llama-3.1-8b-instruct,0.591,3499,1,0.727,4108,0,0.545,2699,0,0.545,4740,0,0.545,2450
AGI-065,11,1,meta-llama/llama-3.3-70b-instruct,meta-llama/llama-4-maverick;meta-llama/llama-4-scout;meta-llama/llama-3.1-8b-instruct,0.614,6632,1,0.727,11781,0,0.545,4526,0,0.636,5425,0,0.545,4796
AGI-088,11,1,meta-llama/llama-4-maverick,meta-llama/llama-3.3-70b-instruct;meta-llama/llama-4-scout;meta-llama/llama-3.1-8b-instruct,0.432,5116,0,0.636,7886,1,0.727,2200,0,0.182,3259,0,0.182,7117
