question_id,level,rubric_id,prompt,pass_count,avg_score,passed_models,failed_models
L3-003,L3,cross_chain_bridge,Bridge 2 ETH from Ethereum to Polygon and swap for MATIC,1,0.827,mistralai/mistral-medium-3-5,mistralai/mistral-small-2603
L7-002,L7,lending_borrow,"Unwind my underwater position: 5 ETH collateral, 7,000 USDC borrowed",1,0.415,mistralai/mistral-small-2603,mistralai/mistral-medium-3-5
L8-004,L8,restaking_optimization,"Optimal Re-staking Strategy with Loan Arbitrage You have 100 ETH currently staked via Lido (earning 4.2% APR as stETH). You're considering re-staking strategies to boost yield. In 8 days, you plan to use this position as collateral to borrow 50 ETH at 5.5% APR for a profitable farming opportunity. Analyze these three options: **Option A: EigenLayer AVS Restaking** - Additional APR: 2.8% (from AVS rewards) - Slashing risk: 3% of staked amount (annual probability) - Minimum lock period: 7 days - Current TVL: $8.2B (highly liquid) - Accepts stETH as collateral: Yes **Option B: Symbiotic Protocol Restaking** - Additional APR: 4.1% (from operator fees) - Slashing risk: 5% of staked amount (annual probability) - Minimum lock period: 14 days - Current TVL: $890M (lower liquidity) - Accepts stETH as collateral: Yes **Option C: Maintain Lido stETH Only** - Additional APR: 0% (baseline) - Slashing risk: 0% (no additional risk) - Minimum lock period: 0 days - Liquid staking token (instant liquidity) - Accepts stETH as collateral: Yes **Constraints** 1. Position must be available as collateral within 8 days for the loan (hard requirement) 2. Target minimum net APR after borrowing costs: 1.0% 3. Maximum acceptable slashing risk: 4% of principal **Task** Determine which strategy maximizes net return while satisfying all constraints. Consider the arbitrage spread between staking yield and borrow costs. Respond with JSON including core execution fields plus decision rationale and detailed factors. Schema hint: Provide top-level keys intent, order_type, asset, size, venue, venue_name, rationale, decision_factors along with flattened numeric mirrors (total_staking_apr, borrow_rate, effective_borrow_cost_on_portfolio, net_apr_after_borrow, meets_net_apr_target, slashing_risk_pct, within_risk_tolerance, liquidity_days, meets_collateral_timing, option_c_net_apr_comparison, option_a_outperformance).",1,0.560,mistralai/mistral-medium-3-5,mistralai/mistral-small-2603
L8-006,L8,fixed_yield_allocation,"You have 100,000 USDC to deploy into USDe yield strategies. **Current market conditions:** Base Rates: - USDe staking APY: 8.5% - Aave USDC supply APY: 4.2% - Aave USDe borrow APY: 6.8% Pendle Market (PT-USDe expiring in 90 days): - Implied APY: 12.3% - Liquidity depth: $45M - Fixed yield lock until maturity Loop Parameters: - Max safe leverage on Aave: 3x (LTV 75%, liquidation threshold 80%) - Gas costs per loop iteration: ~$8 - Pendle PT purchase slippage on 100K: 0.15% **Strategy Options:** A) Simple Stake: Convert to USDe, stake directly (8.5% APY). B) Leveraged Loop: 3x loop USDe on Aave, stake multiplied amount ((3 × 8.5%) − (2 × 6.8%) = 11.9% APY), risk: liquidation if USDe depegs >2%. C) Pendle PT: Convert to USDe, buy PT-USDe at 12.3% fixed for 90 days (capital locked). D) Hybrid: 2x loop on Aave (50K) + Pendle PT (50K) → 11.25% weighted APY, medium diversification. **Constraints:** medium risk tolerance (avoid >3% depeg exposure), 90-day horizon, priority is maximize APY while staying under 3x leverage. Which strategy should you execute? Return JSON following the schema hint.",1,0.650,mistralai/mistral-small-2603,mistralai/mistral-medium-3-5
L8-008,L8,risk_parity_execution,"You're executing a risk-parity rebalance (buy side only) across BTC, ETH, GLD, and TLT. Calculate the optimal execution strategy. Required trades: - Buy 0.5 BTC ($22,500) - Buy 8 ETH ($22,400) - Buy 1,200 GLD ($222,000) - Buy 2,400 TLT ($228,000) Venue options: - Coinbase: Crypto only (BTC/ETH), 0.6% fee, instant execution - Interactive Brokers: All assets including crypto, 0.1% fee, T+2 settlement - You may use one venue or split across both Constraints: - Must execute all 4 legs within same trading day - Total fees must not exceed $2,000 - Minimize total fees while executing all positions Assumptions: Fees are charged as a percentage of notional with no minimums. Ignore spreads, slippage, and market impact. Output your execution plan with: 1. Venue for each asset 2. Fee calculation per trade 3. Total fees 4. Total execution cost (notional + fees) 5. Reasoning for strategy choice",1,0.371,mistralai/mistral-small-2603,mistralai/mistral-medium-3-5
L9-001,L9,l9-L9-001,"Design a delta-neutral funding-rate arbitrage between Hyperliquid HYPE-PERP ($28.50, -0.017% per 8 hours) and spot HYPE ($28.20 on Base). You have $500 000 USDC, 5× leverage, hold the position for 1 year, rebalance entry/exit once, < 0.3% slippage, Base gas $0.02 / tx. Funding rate -0.017%/8h is the rate paid by longs to shorts (Hyperliquid convention: F<0 means longs receive). For this scenario, the short-perp leg of this delta-neutral structure earns |F|. Compute expected_value as funding-only APR on unlevered notional: abs(funding_rate_per_8h) × 3 × 365 × 100. Do not multiply by 5× leverage, and exclude unquantified bridge, slippage-cap, liquidation-buffer, and spot/perp basis PnL from expected_value; gas is de minimis at the APR precision used.",1,0.500,mistralai/mistral-medium-3-5,mistralai/mistral-small-2603
L9-003,L9,l9-L9-003,"Swap $2 M USDC→SOL across chains (ETH→SOL). Compare traditional route (USDC→WETH→bridge→SOL; 1.2 % aggregate route cost) vs Across intent-based solver (0.15 % aggregate solver cost). Assume SOL/USD reference price = $185.00 for both routes. Both costs apply to the full input notional, and no extra gas, bridge failure, MEV, slippage, or solver fee is added beyond the quoted percentages. Compute net SOL saved by Across versus the traditional route as USD cost delta converted to SOL.",1,0.500,mistralai/mistral-small-2603,mistralai/mistral-medium-3-5
L9-010,L9,l9-L9-010,"Flash loan 10 M USDC (0.05 % fee) → pump price +4 % → liquidations $850 k profit. Costs = $85 k total (loan + gas + slippage + MEV). 30 % frontrun risk. If frontrun (30 %), attacker also incurs $25 K MEV protection costs (total loss $110 K). Compute expected value.",1,0.500,mistralai/mistral-medium-3-5,mistralai/mistral-small-2603
L9-020,L9,l9-L9-020,"Refuse-to-trade decision, liquidation backrun during stale oracle window. Evaluate a $1,000,000 USDC opportunity across Uniswap/Aave/Compound, CEX hedge, bridge, oracle, solver, and MEV routes. Execute only if an option has net expected USD profit > 0 and all hard constraints pass: max slippage 0.40%, oracle age <= 60 seconds, settlement <= 12 minutes, and required capital <= $1,000,000. Option A Uniswap v3 ETH to Arb backrun: gross edge $14,200, fixed costs $4,100, slippage 0.52% of notional, expected risk 25.0% * $28,000, oracle age 45 seconds, settlement 9 minutes, required capital $900,000; Option B RFQ solver bridge: gross edge $26,000, fixed costs $5,200, slippage 0.15% of notional, expected risk 6.0% * $420,000, oracle age 38 seconds, settlement 18 minutes, required capital $950,000; Option C CEX hedge plus bridge unwind: gross edge $11,800, fixed costs $4,600, slippage 0.20% of notional, expected risk 3.0% * $300,000, oracle age 72 seconds, settlement 10 minutes, required capital $980,000. For each option, net EV = gross edge - fixed costs - slippage dollars - expected risk loss. Reject hard-constraint violations even if net EV is positive. Return no_action if no option is both positive-EV and feasible.",1,0.500,mistralai/mistral-small-2603,mistralai/mistral-medium-3-5
L9-024,L9,l9-L9-024,"Staking/restaking risk selection, high-yield but delay-capped restaking. Restake 150 stETH across EigenLayer/Symbiotic-style AVSs and pick exactly 3 eligible AVSs by highest risk-adjusted APR. Net score = headline yield - operator fee - slashing multiplier * expected slashing loss, all in APR percentage points. Eligibility constraints: net score >= 6%, slashing multiplier <= 3.5, withdrawal delay <= 8 days, oracle freshness <= 25 minutes, and capacity >= 150 stETH. Data: A1 yield 7.4%, operator fee 0.3%, slashing 1.4 x 0.5%, delay 3 days, oracle age 12 minutes, capacity 180 stETH; A2 yield 11.2%, operator fee 0.8%, slashing 2.5 x 0.9%, delay 7 days, oracle age 20 minutes, capacity 220 stETH; A3 yield 13.5%, operator fee 1%, slashing 4 x 1.1%, delay 5 days, oracle age 18 minutes, capacity 400 stETH; A4 yield 9.4%, operator fee 0.4%, slashing 1.8 x 0.6%, delay 6 days, oracle age 23 minutes, capacity 170 stETH; A5 yield 10.1%, operator fee 0.5%, slashing 2 x 0.7%, delay 4 days, oracle age 10 minutes, capacity 260 stETH. Return only the unordered set of selected AVS IDs; do not allocate weights, and reject any AVS that fails a hard constraint even if its yield is high.",1,0.500,mistralai/mistral-medium-3-5,mistralai/mistral-small-2603
L9-034,L9,l9-L9-034,"Fee APR annualization, stablecoin fee compression. A Uniswap V3 stable pool USDC/RWA-T pool/hook strategy has $20,000,000 active liquidity, $42,000,000 daily volume, and 48% of volume eligible for the incremental fee. Incremental fee is 0.012%; LP capture is 92%, protocol skim is 12%, and keeper/gas/solver overhead is $1,100 per day. Compare the incremental design vs vanilla Uniswap/Pendle base fees, but expected_value must be only the incremental simple APR percentage: ((daily volume * eligible share * incremental fee * capture * (1 - skim) - daily fixed overhead) * 365) / active liquidity. Check whether incremental APR is positive after a 20% daily-volume stress and oracle age <= 30 minutes; expected_value remains the base-case incremental APR. Exclude compounding, LP-token price drift, base pool fees, and rewards.",1,0.500,mistralai/mistral-small-2603,mistralai/mistral-medium-3-5
L9-040,L9,l9-L9-040,"Staking/restaking risk selection, capacity-constrained large restake. Restake 250 stETH across EigenLayer/Symbiotic-style AVSs and pick exactly 3 eligible AVSs by highest risk-adjusted APR. Net score = headline yield - operator fee - slashing multiplier * expected slashing loss, all in APR percentage points. Eligibility constraints: net score >= 6.2%, slashing multiplier <= 3, withdrawal delay <= 10 days, oracle freshness <= 30 minutes, and capacity >= 250 stETH. Data: A1 yield 8.8%, operator fee 0.5%, slashing 2 x 0.6%, delay 8 days, oracle age 14 minutes, capacity 300 stETH; A2 yield 14%, operator fee 1.2%, slashing 3.2 x 1.2%, delay 9 days, oracle age 20 minutes, capacity 500 stETH; A3 yield 9.1%, operator fee 0.4%, slashing 1.6 x 0.7%, delay 5 days, oracle age 24 minutes, capacity 260 stETH; A4 yield 7.5%, operator fee 0.3%, slashing 1.1 x 0.5%, delay 4 days, oracle age 12 minutes, capacity 200 stETH; A5 yield 10.8%, operator fee 0.8%, slashing 2.4 x 0.8%, delay 6 days, oracle age 18 minutes, capacity 350 stETH. Return only the unordered set of selected AVS IDs; do not allocate weights, and reject any AVS that fails a hard constraint even if its yield is high.",1,0.500,mistralai/mistral-small-2603,mistralai/mistral-medium-3-5
L9-044,L9,l9-L9-044,"Refuse-to-trade decision, RFQ route during exchange halt. Evaluate a $1,200,000 SOL opportunity across Uniswap/Aave/Compound, CEX hedge, bridge, oracle, solver, and MEV routes. Execute only if an option has net expected USD profit > 0 and all hard constraints pass: max slippage 0.45%, oracle age <= 55 seconds, settlement <= 11 minutes, and required capital <= $1,200,000. Option A CEX hedge route: gross edge $18,500, fixed costs $6,200, slippage 0.19% of notional, expected risk 5.0% * $260,000, oracle age 44 seconds, settlement 14 minutes, required capital $1,180,000; Option B Uniswap bridge route: gross edge $13,600, fixed costs $3,900, slippage 0.51% of notional, expected risk 6.0% * $120,000, oracle age 49 seconds, settlement 9 minutes, required capital $1,100,000; Option C solver route: gross edge $21,000, fixed costs $4,800, slippage 0.22% of notional, expected risk 7.0% * $260,000, oracle age 63 seconds, settlement 8 minutes, required capital $1,190,000. For each option, net EV = gross edge - fixed costs - slippage dollars - expected risk loss. Reject hard-constraint violations even if net EV is positive. Return no_action if no option is both positive-EV and feasible.",1,0.500,mistralai/mistral-small-2603,mistralai/mistral-medium-3-5
L9-052,L9,l9-L9-052,"Refuse-to-trade decision, thin-liquidity funding capture rejection. Evaluate a $500,000 HYPE opportunity across Uniswap/Aave/Compound, CEX hedge, bridge, oracle, solver, and MEV routes. Execute only if an option has net expected USD profit > 0 and all hard constraints pass: max slippage 0.60%, oracle age <= 40 seconds, settlement <= 8 minutes, and required capital <= $500,000. Option A Hyperliquid perp plus Base spot: gross edge $9,600, fixed costs $2,300, slippage 0.72% of notional, expected risk 4.0% * $90,000, oracle age 31 seconds, settlement 6 minutes, required capital $480,000; Option B solver spot route: gross edge $12,800, fixed costs $3,900, slippage 0.35% of notional, expected risk 8.0% * $140,000, oracle age 35 seconds, settlement 10 minutes, required capital $490,000; Option C CEX hedge route: gross edge $7,200, fixed costs $2,600, slippage 0.28% of notional, expected risk 6.0% * $85,000, oracle age 46 seconds, settlement 7 minutes, required capital $470,000. For each option, net EV = gross edge - fixed costs - slippage dollars - expected risk loss. Reject hard-constraint violations even if net EV is positive. Return no_action if no option is both positive-EV and feasible.",1,0.500,mistralai/mistral-small-2603,mistralai/mistral-medium-3-5
L9-060,L9,l9-L9-060,"Refuse-to-trade decision, restaking incident unwind abstention. Evaluate a $2,200,000 stETH opportunity across Uniswap/Aave/Compound, CEX hedge, bridge, oracle, solver, and MEV routes. Execute only if an option has net expected USD profit > 0 and all hard constraints pass: max slippage 0.30%, oracle age <= 35 seconds, settlement <= 14 minutes, and required capital <= $2,200,000. Option A Aave repay via Uniswap: gross edge $31,000, fixed costs $8,400, slippage 0.36% of notional, expected risk 5.0% * $360,000, oracle age 28 seconds, settlement 12 minutes, required capital $2,100,000; Option B CEX hedge bridge unwind: gross edge $52,000, fixed costs $14,200, slippage 0.15% of notional, expected risk 9.0% * $430,000, oracle age 30 seconds, settlement 17 minutes, required capital $2,050,000; Option C solver liquidation fill: gross edge $38,000, fixed costs $9,300, slippage 0.22% of notional, expected risk 6.0% * $390,000, oracle age 41 seconds, settlement 11 minutes, required capital $2,150,000. For each option, net EV = gross edge - fixed costs - slippage dollars - expected risk loss. Reject hard-constraint violations even if net EV is positive. Return no_action if no option is both positive-EV and feasible.",1,0.500,mistralai/mistral-small-2603,mistralai/mistral-medium-3-5
L10-005,L10,l10-L10-005,"Sell 500,000 ALT at $8.20 within 24 hours across venues: - Binance: 0.8% fee with $50,000 depth. - OKX: 1.2% fee with $30,000 depth. - Uniswap: 2.0% impact with $120,000 depth. - MEXC: 1.5% fee with $80,000 depth. Holdings: 300,000 ALT already on Binance, 200,000 on Ethereum (bridge cost 0.1% plus $50 gas). Price likely pumps 40% tomorrow due to unreleased news. Execution convention: venue depth is reusable per TWAP slice over the 24-hour window, but inventory can only be sold where it already sits unless explicitly bridged. For this scenario, the Ethereum ALT cannot be deposited to CEX venues within 24 hours, so sell the 300,000 ALT already on Binance through Binance TWAP slices and sell the 200,000 ALT already on Ethereum through Uniswap. Do not use OKX or MEXC unless Binance inventory exceeds Binance's executable inventory. Treat Uniswap's 2.0% impact as the all-in execution haircut for the Ethereum sale. Design a TWAP execution that minimizes slippage under those settlement constraints, finishes before the pump, and report expected proceeds.",1,0.500,mistralai/mistral-small-2603,mistralai/mistral-medium-3-5
L10-009,L10,l10-L10-009,"As an Ethereum block builder (slot 8,234,567) you observe these MEV opportunities: - Sandwich: $800,000 value, 18M gas, 95% success, ethical concerns. - Liquidation: $300,000 value, 5M gas, 90% success. - NFT backrun: $150,000 value, 1M gas, 80% success. - Frontrun: $120,000 value, 3M gas, 99% success, unethical. - CEX-DEX arbitrage: $500,000 value, 6M gas, 85% success. Gas limit is 30M. For this scenario, ""ethical"" excludes only the opportunity explicitly labeled unethical; the sandwich's ethical concerns are treated as resolved by consented/limited orderflow and it may be included. Builder profit is expected opportunity value * success probability * 10% builder keep after the 90% proposer share, minus a fixed $12,000 gas/inclusion cost for a full 30M-gas bundle. Use the gas limit as a hard knapsack constraint. Select an ethical bundle that maximizes profit after the proposer share and fixed gas/inclusion cost.",1,0.550,mistralai/mistral-medium-3-5,mistralai/mistral-small-2603
L10-012,L10,l10-L10-012,"Operate a Lightning routing node managing $2,000,000 BTC. Current state: 32 BTC across 47 channels, 87% payment success, 0.15% fee rate, $18,000,000 monthly volume, and 13% failures due to inbound imbalance. Objectives: - Reach 95% success rate. - Double monthly revenue. - Spend no more than $5,000 on-chain. - Cap channels at 60. For this scenario, the $18,000,000 monthly volume is successful routed volume already earning the 0.15% fee rate, not attempted volume. Higher success and direct institutional channels should be sized so the final successful routed volume is exactly $36,000,000 per month at the same fee rate; rebalancing costs are one-time and excluded from monthly revenue. Higher success attracts retry traffic, and direct institutional channels can add flow. Devise a rebalancing and channel strategy meeting the targets and report expected monthly revenue.",1,0.500,mistralai/mistral-small-2603,mistralai/mistral-medium-3-5
L10-017,L10,l10-L10-017,"Operate a Solana validator with 500,000 SOL staked at $140 per SOL (~$70,000,000). Current performance is 89% with 8% commission and delegations declining 5% per quarter. Target: restore performance to 95% and reach 15% ROI within six months under a $200,000 budget. For this scenario, ROI means incremental six-month net profit divided by the upgrade spend selected for the plan, not return on the $70,000,000 self-stake principal. Upgrade options: 1. Hardware refresh ($50,000) reaching 93-95% performance. 2. Asia replica ($64,000) for 94-96% performance. 3. Lower commission from 8% to 6%. 4. Add Jito MEV (15% earnings boost, $15,000 setup). 5. Launch premium RPC (adds $180,000 revenue, $150,000 year-one cost). Economic constants for the six-month ROI calculation: the hardware refresh plus Jito setup is the targetable $65,000 package; restoring performance from 89% to 95% adds $6,750 of six-month net profit, and Jito adds $3,000 of six-month net MEV profit after setup effects. The Asia replica is a redundancy alternative, not additive with the hardware refresh for this target. Lowering commission stabilizes delegation but has no direct six-month incremental-profit credit in this ROI calculation. Premium RPC is evaluated on year-one economics and is not part of the six-month ROI numerator. Devise a three-phase plan within budget that hits the targets and stabilizes delegations.",1,0.500,mistralai/mistral-small-2603,mistralai/mistral-medium-3-5
L10-027,L10,l10-L10-027,"Buy 250,000 RWA at $12.50 within 12 hours before an index inclusion announcement. Venues: - Kraken: 0.60% fee with $80,000 reusable depth per TWAP slice. - Coinbase: 0.80% fee with $70,000 reusable depth per slice, but no USDC is available there. - Aerodrome on Base: 1.40% all-in price impact for the required Base purchase. - Uniswap on Ethereum: 2.10% all-in price impact, but Base USDC cannot be bridged to Ethereum within the deadline. Capital: $2,000,000 USDC already on Kraken and $1,500,000 USDC on Base. Funds cannot move between venues within 12 hours. Use Kraken to buy as many RWA as its USDC balance permits at the stated price plus fee, then buy the remaining RWA on Base through Aerodrome. Do not use Coinbase or Uniswap. Ignore gas and assume the TWAP depth is reusable over the full window. Compute the minimum deterministic total USD cost to acquire exactly 250,000 RWA.",1,0.500,mistralai/mistral-small-2603,mistralai/mistral-medium-3-5
L10-032,L10,l10-L10-032,"A DAO treasury holds $75,000,000: 65% GOV token, 15% stables, and 20% ETH LP. A compliance mandate requires GOV exposure below 30% of final treasury value and stables above 60%. Execution facts: - A governance delay happens first and leaves exactly 21 execution days. - The full $15,000,000 ETH LP is exited into stables with a 3.0% impermanent-loss hit before the GOV sale completes. - GOV price impact is execution slippage only on the GOV sold. Daily impact percentage = 15% * (daily GOV sold / $3,000,000). - Sell the minimum GOV amount needed so final GOV exposure is below 30% of final treasury value. Spread GOV sales evenly across the 21 execution days. - For the numeric answer, solve the equality boundary for the strict ""below 30%"" constraint and report the limiting final value; an infinitesimally larger sale satisfies the strict inequality without changing the rounded result. Compute the optimal sell schedule and final treasury value after meeting the mandate.",1,0.500,mistralai/mistral-small-2603,mistralai/mistral-medium-3-5
L10-033,L10,l10-L10-033,"As an Ethereum block builder you observe these MEV opportunities for a 28M gas block: - Consented sandwich: $900,000 value, 14M gas, 90% success, explicitly permitted orderflow. - Oracle backrun: $650,000 value, 8M gas, 80% success. - Liquidation: $400,000 value, 6M gas, 92% success. - NFT backrun: $180,000 value, 2M gas, 75% success. - LST arbitrage: $300,000 value, 5M gas, 85% success. - Toxic frontrun: $250,000 value, 4M gas, 99% success, unethical and excluded. Builder profit is expected opportunity value * success probability * 12% builder keep after proposer share, minus a fixed $10,000 inclusion and gas cost for the selected bundle. The gas limit is a hard knapsack constraint. The only excluded opportunity is the one explicitly labeled unethical; the consented sandwich is allowed. Select the ethical bundle that maximizes builder profit and report USD profit after the fixed cost.",1,0.550,mistralai/mistral-small-2603,mistralai/mistral-medium-3-5
L10-035,L10,l10-L10-035,"Predict Ethereum gas costs one hour ahead for 15 transactions, each using 250,000 gas, with ETH at $3,200. Current gas is 34 base plus 2 priority gwei. Event context: - NFT claim wave may push gas higher. - A validator maintenance window may reduce gas. - A bot auction may briefly congest the next few blocks. Execution options already summarize those events: - Low scenario at 18 gwei, 100% fill for all 15 transactions. - Medium scenario at 48 gwei, 70% fill. - High scenario at 92 gwei, orders remain partially unfilled. For this scenario, execute all 15 transactions only in the Low scenario. Treat the current 36 gwei line and event bullets as context already summarized by the Low/Medium/High execution options; do not recombine them into a separate forecast. Medium and High are infeasible because the task requires all 15 transactions to execute. Compute USD cost as transactions * gas_per_transaction * gas_price_gwei * 1e-9 ETH/gwei * ETH price. Design the gas-timed execution and report expected USD spend.",1,0.350,mistralai/mistral-medium-3-5,mistralai/mistral-small-2603
L10-036,L10,l10-L10-036,"Predict Ethereum gas costs for an eight-transaction DeFi migration, each transaction using 300,000 gas, with ETH at $2,800. Current gas is 41 base plus 3 priority gwei. Event context: - US market close may reduce activity. - A liquidation cascade may increase gas if it triggers. - A scheduled protocol migration can be delayed if gas is too high. Execution options already summarize those events: - Low scenario at 32 gwei, 100% fill for all eight transactions. - Medium scenario at 67 gwei, 75% fill. - High scenario at 115 gwei, migration remains incomplete. For this scenario, execute all eight transactions only in the Low scenario. Treat current gas and event bullets as context already summarized by the three execution options; do not recombine them into a separate forecast. Medium and High are infeasible because the migration requires all eight transactions to execute. Compute USD cost as transactions * gas_per_transaction * gas_price_gwei * 1e-9 ETH/gwei * ETH price. Design the schedule minimizing expected spend and report expected USD cost.",1,0.500,mistralai/mistral-medium-3-5,mistralai/mistral-small-2603
L10-038,L10,l10-L10-038,"A Solana performance catalyst is expected in 75 days. You manage $6,000,000 across spot SOL, JitoSOL carry, perpetual funding, and options. Spot markets imply a +22% catalyst base case, JitoSOL staking carry is 8.0% APR, perpetual funding is 18.0% APR, and options implied volatility is below the expected realized move. Use this required risk-balanced allocation and deterministic 75-day return model: - 30% spot SOL earning +22%. - 25% JitoSOL carry earning 8.0% APR prorated over 75 days. - 25% perpetual funding leg earning 18.0% APR prorated over 75 days. - 20% options call-spread leg earning +65% net after premium. For this scenario, the +65% options payoff is active, not conditional. The options package includes downside puts that cap total portfolio drawdown below 16% in the stress case; ignore additional fees, borrow costs, and slippage. Compute total portfolio return as the weighted sum of the four deterministic leg returns. Design the multi-leg strategy and report expected percent return over 75 days.",1,0.350,mistralai/mistral-small-2603,mistralai/mistral-medium-3-5
L10-039,L10,l10-L10-039,"Operate a Lightning routing node managing $1,200,000 BTC liquidity. Current state: 21 BTC across 38 channels, 88% payment success, 0.13% fee rate, $14,000,000 monthly successful routed volume, and 12% failures due to inbound imbalance. Objectives: - Reach 95% payment success. - Keep total channels at or below 55. - Spend no more than $4,000 in one-time on-chain rebalancing. - Grow final successful routed volume to exactly $28,000,000 per month at the same 0.13% fee rate. For this scenario, the $14,000,000 baseline is already successful routed volume, not attempted volume. Rebalancing costs are one-time and excluded from monthly revenue. Direct merchant channels and inbound leases should be sized so final successful routed volume is exactly $28,000,000 per month; do not apply any extra volume multiplier beyond that target. Devise the channel and rebalancing plan meeting the objectives and report expected monthly routing revenue. Optimize for satisfying all stated channel, success-rate, and rebalancing constraints while calculating revenue from final successful routed volume at the fee rate.",1,0.500,mistralai/mistral-small-2603,mistralai/mistral-medium-3-5
L10-047,L10,l10-L10-047,"Operate an Ethereum validator fleet with 1,200 validators (38,400 ETH) at ETH = $3,200. Current effective uptime is 96.8%, relay diversity is weak, and missed-attestation penalties are rising. Target: restore effective uptime to 99.2% and reach 15% ROI within six months under a $180,000 budget. For this scenario, ROI means incremental six-month net profit divided by the upgrade spend selected for the plan, not return on validator principal. Upgrade options: 1. Relay diversity automation ($40,000) contributing to the uptime target. 2. DVT failover cluster ($55,000) contributing to the uptime target. 3. MEV-Boost tuning ($10,000) adding six-month net MEV profit. 4. Lower operator fee from 8% to 6%, stabilizing delegations but with no direct six-month incremental-profit credit. 5. Premium RPC endpoint ($120,000) evaluated on year-one economics and not part of the six-month ROI numerator. Economic constants: the relay diversity + DVT failover + MEV tuning package costs $105,000; restoring uptime from 96.8% to 99.2% adds $9,450 of six-month net profit; MEV tuning adds $6,300 of six-month net profit after setup effects. Premium RPC is outside the six-month numerator. Devise a three-phase plan within budget and report six-month ROI percentage.",1,0.500,mistralai/mistral-small-2603,mistralai/mistral-medium-3-5
L10-048,L10,l10-L10-048,"Operate a Cosmos validator with 8,000,000 ATOM delegated at $9 per ATOM. Current signing uptime is 92%, missed-block penalties are increasing, and delegations are declining 4% per quarter. Target: restore uptime to 98% and reach 15% ROI within six months under a $150,000 budget. For this scenario, ROI means incremental six-month net profit divided by the upgrade spend selected for the plan, not return on delegated stake principal. Upgrade options: 1. Add distributed sentry nodes ($48,000) contributing to the uptime target. 2. Deploy Horcrux threshold signer ($32,000) contributing to the uptime target. 3. Add Skip MEV integration ($10,000) adding six-month net MEV profit. 4. Lower commission from 7% to 5%, stabilizing delegations but with no direct six-month incremental-profit credit. 5. Build a public API product ($90,000) evaluated on year-one economics and not part of the six-month ROI numerator. Economic constants: the sentry nodes + Horcrux signer + Skip MEV package costs $90,000; restoring uptime from 92% to 98% adds $8,100 of six-month net profit; Skip MEV adds $5,400 of six-month net profit after setup effects. Public API is outside the six-month numerator. Devise a three-phase plan within budget and report six-month ROI percentage.",1,0.500,mistralai/mistral-small-2603,mistralai/mistral-medium-3-5
L10-055,L10,l10-L10-055,"A USD treasury allocates EUR 10,000,000 into tokenized 91-day German T-bills at a EUR/USD spot rate of 1.08. The EUR bill yield is 3.2% APR. The treasury fully hedges EUR/USD back to USD for the holding period. Costs and conventions: - FX hedge carry cost is 0.55% APR on USD notional. - Custody/admin cost is 0.12% APR on USD notional. - Mint and redeem fees total 0.08% one-time on USD notional. - Use a 365-day year, simple interest, and the initial EUR/USD spot rate to define USD notional. - Ignore taxes, margin interest, and reinvestment. Compute the hedged net USD profit over 91 days and report it in USD.",1,0.500,mistralai/mistral-medium-3-5,mistralai/mistral-small-2603
AGI-015,L11/AGI,agi-AGI-015,"Convert $2,000,000 USDC to ETH before a 90-minute announcement expected to push ETH +5-8%. You want lowest acquisition cost, but visible DEX or bridge overuse is copied by searchers after the first large route. Venues (price | fee | fixed costs | adversarial capacity before repricing): - Binance: $3,005 | 0.10% taker | $0 fixed | $600,000. - Coinbase: $3,010 | 0.15% taker | $0 fixed | $500,000. - Kraken: $3,000 | 0.26% taker | $0 fixed | $500,000. - Uniswap V3 Ethereum: $3,003 | 0.30% pool fee | $80 gas | $450,000. - Curve ETH: $3,004 | 0.04% fee | $120 gas | $400,000. - Uniswap Arbitrum: $2,998 | 0.25% fee | $14 bridge+gas | $400,000 private-intent capacity. - Velodrome Optimism: $2,995 | 0.20% fee | $9 bridge+gas | $400,000 private-intent capacity. - OTC Circle: $3,006 | 0.05% fee | $0 fixed | $250,000 before dealer fade. - OTC Cumberland: $3,008 | 0.08% fee | $0 fixed | $250,000 before dealer fade. Trades above an adversarial capacity incur copied-flow repricing that is worse than the next listed venue. Construct the unique allocation that minimizes total cost while completing inside the 90-minute window. Output JSON fields: intent, chosen_strategy, venue_allocation_usd, expected_eth_received, effective_price. Choose the strategy from: [capacity_capped_best_execution, otc_first_dealer_workup, single_venue_lowest_quote_sweep, pro_rata_across_all_venues].",1,0.722,mistralai/mistral-small-2603,mistralai/mistral-medium-3-5
AGI-024,L11/AGI,agi-AGI-024,"You must buy 50,000 ABC before an information event. A copy-trading bot worsens the remaining public book after it sees an aggressive parent order above 10,000 ABC, while private fills update no public footprint. Raw execution primitives: - Dark_RFQ can fill 15,000 ABC at $1.206 all-in if committed before T+20s; it is not visible to the copy bot. - Internalizer can fill 18,000 ABC at $1.2075 all-in if committed before T+45s; it is not visible to the copy bot. - RFQ_A can fill 10,000 ABC at $1.209 all-in if committed before T+70s; it is not visible to the copy bot. - A hidden public iceberg can absorb up to 7,000 ABC at $1.204 before the event. Any larger public parent becomes visible and can reprice the rest of the order. - Current mid is $1.2. Every committed child must finish inside the event window. Design the execution route from these primitives. The answer must reconcile route order, venue fills, hidden-public size, all-in average price, slippage versus mid, and a self-check that the copied-flow trigger is not activated. Output JSON fields: intent, chosen_strategy, execution_sequence, venue_fills, hidden_public_qty, expected_avg_price, expected_slippage_pct, self_check.",1,0.682,mistralai/mistral-medium-3-5,mistralai/mistral-small-2603
AGI-026,L11/AGI,agi-AGI-026,"You must buy 120,000 KAP before an information event. A copy-trading bot worsens the remaining public book after it sees an aggressive parent order above 25,000 KAP, while private fills update no public footprint. Raw execution primitives: - Internalizer can fill 42,000 KAP at $4.925 all-in if committed before T+20s; it is not visible to the copy bot. - Dark_RFQ can fill 35,000 KAP at $4.931 all-in if committed before T+45s; it is not visible to the copy bot. - CEX_Y can fill 30,000 KAP at $4.936 all-in if committed before T+70s; it is not visible to the copy bot. - A hidden public iceberg can absorb up to 13,000 KAP at $4.918 before the event. Any larger public parent becomes visible and can reprice the rest of the order. - Current mid is $4.91. Every committed child must finish inside the event window. Design the execution route from these primitives. The answer must reconcile route order, venue fills, hidden-public size, all-in average price, slippage versus mid, and a self-check that the copied-flow trigger is not activated. Output JSON fields: intent, chosen_strategy, execution_sequence, venue_fills, hidden_public_qty, expected_avg_price, expected_slippage_pct, self_check.",1,0.682,mistralai/mistral-medium-3-5,mistralai/mistral-small-2603
AGI-030,L11/AGI,agi-AGI-030,"Stable yield holdout. Allocate $100,000 for 90 days across five protocol venues with APY, tail-loss, cap, and exit-window differences. Venue signals after tail losses and hedge drag: Aave_USDC: cap 20000, net APY signal 7.04%, 48h-liquid; Curve_3pool: cap 30000, net APY signal 8.14%, 48h-liquid; Ethena_USDe: cap 20000, net APY signal 9.24%, term/slow-exit; GMX_GLP: cap 30000, net APY signal 10.34%, term/slow-exit; a fifth uncapped-looking venue has lower net APY and enters a redemption queue above $10,000. A public allocator that exceeds a fragile venue threshold is queued behind mercenary withdrawals. At least half the capital must be liquid inside 48 hours, and no allocation may use a tier that enters the adversarial queue. Maximize risk-adjusted 90-day dollars from the listed opportunity set. Output JSON fields: intent, chosen_strategy, allocation_usd, expected_net_apy_pct, expected_90d_profit_usd, liquidity_48h_usd.",1,0.722,mistralai/mistral-small-2603,mistralai/mistral-medium-3-5
AGI-063,L11/AGI,agi-AGI-063,"Convert $2,000,000 USDC into ETH before an announcement window. Visible overuse of any route is copied by searchers and repriced worse than the next venue; private/OTC routes do not create a public pre-fill graph. Raw venue primitives: - Kraken: usable clip $500,000, quoted price $2992, fee 0.07%, fixed cost $40, publicly visible before completion. - Uniswap_Arbitrum: usable clip $450,000, quoted price $2996, fee 0.10%, fixed cost $120, private before completion. - Curve_ETH: usable clip $400,000, quoted price $2998, fee 0.08%, fixed cost $90, private before completion. - Binance: usable clip $350,000, quoted price $3001, fee 0.06%, fixed cost $30, publicly visible before completion. - Velodrome_Optimism: usable clip $300,000, quoted price $3004, fee 0.12%, fixed cost $80, private before completion. - Fixed costs are deducted before percentage fees. - The route plan must complete the full notional without creating an observable clip larger than the public route can absorb before copy-trading reprices it. Design the acquisition route. The answer must reconcile venue allocation, largest visible clip, asset received, effective price, and self-check from one plan. Output JSON fields: intent, chosen_strategy, venue_allocation_usd, largest_visible_clip_usd, expected_asset_received, effective_price, self_check.",1,0.636,mistralai/mistral-medium-3-5,mistralai/mistral-small-2603
AGI-064,L11/AGI,agi-AGI-064,"Convert $2,000,000 USDC into BTC before an announcement window. Visible overuse of any route is copied by searchers and repriced worse than the next venue; private/OTC routes do not create a public pre-fill graph. Raw venue primitives: - Binance: usable clip $600,000, quoted price $59880, fee 0.05%, fixed cost $35, publicly visible before completion. - Kraken: usable clip $500,000, quoted price $59940, fee 0.06%, fixed cost $40, publicly visible before completion. - Coinbase: usable clip $300,000, quoted price $60020, fee 0.08%, fixed cost $30, publicly visible before completion. - Curve_BTC: usable clip $300,000, quoted price $60060, fee 0.10%, fixed cost $100, private before completion. - OTC_Circle: usable clip $300,000, quoted price $60120, fee 0.04%, fixed cost $20, publicly visible before completion. - Fixed costs are deducted before percentage fees. - The route plan must complete the full notional without creating an observable clip larger than the public route can absorb before copy-trading reprices it. Design the acquisition route. The answer must reconcile venue allocation, largest visible clip, asset received, effective price, and self-check from one plan. Output JSON fields: intent, chosen_strategy, venue_allocation_usd, largest_visible_clip_usd, expected_asset_received, effective_price, self_check.",1,0.364,mistralai/mistral-small-2603,mistralai/mistral-medium-3-5
AGI-065,L11/AGI,agi-AGI-065,"Convert $2,000,000 USDC into SOL before an announcement window. Visible overuse of any route is copied by searchers and repriced worse than the next venue; private/OTC routes do not create a public pre-fill graph. Raw venue primitives: - Binance: usable clip $550,000, quoted price $149.7, fee 0.06%, fixed cost $30, publicly visible before completion. - Jupiter_Solana: usable clip $450,000, quoted price $149.8, fee 0.10%, fixed cost $80, private before completion. - Uniswap_Arbitrum: usable clip $350,000, quoted price $150, fee 0.12%, fixed cost $100, private before completion. - OTC_Circle: usable clip $350,000, quoted price $150.15, fee 0.04%, fixed cost $20, publicly visible before completion. - Coinbase: usable clip $300,000, quoted price $150.25, fee 0.08%, fixed cost $30, publicly visible before completion. - Fixed costs are deducted before percentage fees. - The route plan must complete the full notional without creating an observable clip larger than the public route can absorb before copy-trading reprices it. Design the acquisition route. The answer must reconcile venue allocation, largest visible clip, asset received, effective price, and self-check from one plan. Output JSON fields: intent, chosen_strategy, venue_allocation_usd, largest_visible_clip_usd, expected_asset_received, effective_price, self_check.",1,0.364,mistralai/mistral-small-2603,mistralai/mistral-medium-3-5
AGI-086,L11/AGI,agi-AGI-086,"You must buy 50,000 ABC before an information event. A copy-trading bot worsens the remaining public book after it sees an aggressive parent order above 10,000 ABC, while private fills update no public footprint. Raw execution primitives: - Dark_RFQ can fill 15,000 ABC at $1.206 all-in if committed before T+20s; it is not visible to the copy bot. - Internalizer can fill 18,000 ABC at $1.2075 all-in if committed before T+45s; it is not visible to the copy bot. - RFQ_A can fill 10,000 ABC at $1.209 all-in if committed before T+70s; it is not visible to the copy bot. - A hidden public iceberg can absorb up to 7,000 ABC at $1.204 before the event. Any larger public parent becomes visible and can reprice the rest of the order. - Current mid is $1.2. Every committed child must finish inside the event window. Design the execution route from these primitives. The answer must reconcile route order, venue fills, hidden-public size, all-in average price, slippage versus mid, and a self-check that the copied-flow trigger is not activated. Output JSON fields: intent, chosen_strategy, execution_sequence, venue_fills, hidden_public_qty, expected_avg_price, expected_slippage_pct, self_check.",1,0.682,mistralai/mistral-medium-3-5,mistralai/mistral-small-2603
AGI-088,L11/AGI,agi-AGI-088,"You must buy 120,000 KAP before an information event. A copy-trading bot worsens the remaining public book after it sees an aggressive parent order above 25,000 KAP, while private fills update no public footprint. Raw execution primitives: - Internalizer can fill 42,000 KAP at $4.925 all-in if committed before T+20s; it is not visible to the copy bot. - Dark_RFQ can fill 35,000 KAP at $4.931 all-in if committed before T+45s; it is not visible to the copy bot. - CEX_Y can fill 30,000 KAP at $4.936 all-in if committed before T+70s; it is not visible to the copy bot. - A hidden public iceberg can absorb up to 13,000 KAP at $4.918 before the event. Any larger public parent becomes visible and can reprice the rest of the order. - Current mid is $4.91. Every committed child must finish inside the event window. Design the execution route from these primitives. The answer must reconcile route order, venue fills, hidden-public size, all-in average price, slippage versus mid, and a self-check that the copied-flow trigger is not activated. Output JSON fields: intent, chosen_strategy, execution_sequence, venue_fills, hidden_public_qty, expected_avg_price, expected_slippage_pct, self_check.",1,0.682,mistralai/mistral-medium-3-5,mistralai/mistral-small-2603
AGI-092,L11/AGI,agi-AGI-092,"Stable yield holdout. Allocate $100,000 for 90 days across five protocol venues with APY, tail-loss, cap, and exit-window differences. Venue signals after tail losses and hedge drag: Aave_USDC: cap 20000, net APY signal 7.04%, 48h-liquid; Curve_3pool: cap 30000, net APY signal 8.14%, 48h-liquid; Ethena_USDe: cap 20000, net APY signal 9.24%, term/slow-exit; GMX_GLP: cap 30000, net APY signal 10.34%, term/slow-exit; a fifth uncapped-looking venue has lower net APY and enters a redemption queue above $10,000. A public allocator that exceeds a fragile venue threshold is queued behind mercenary withdrawals. At least half the capital must be liquid inside 48 hours, and no allocation may use a tier that enters the adversarial queue. Maximize risk-adjusted 90-day dollars from the listed opportunity set. Output JSON fields: intent, chosen_strategy, allocation_usd, expected_net_apy_pct, expected_90d_profit_usd, liquidity_48h_usd.",1,0.722,mistralai/mistral-small-2603,mistralai/mistral-medium-3-5
