model,question_id,pass,score,confidence,failure_reasons,parsing_method,raw_snippet
mistralai/mistral-small-2603,L10-005,1,1.000,1.000,,json,"{""intent"": ""sell"", ""expected_value"": 3996000, ""reasoning"": ""Binance TWAP: 300,000 ALT at $8.20 with 0.8% fee → 300,000 * 8.20 * 0.992 = 2,446,080. Uniswap: 200,000 ALT at $8.20 with 2.0% impact → 200,000 * 8.20 * 0.98 = 1,607,200. Total proceeds: 2,446,080 + 1"
mistralai/mistral-medium-3-5,L10-010,1,1.000,1.000,,json,"{""intent"": ""execute"", ""order_type"": ""batch"", ""asset"": ""ETH"", ""size"": 2000000, ""unit"": ""gas"", ""venue"": ""mainnet"", ""risk_controls"": {""max_gas"": 25}, ""expected_value"": 150, ""reasoning"": ""Execute all 10 transactions (200,000 gas each) at Low scenario (25 gwei). To"
mistralai/mistral-small-2603,L10-012,1,1.000,1.000,,json,"{""intent"": ""rebalance_and_expand"", ""expected_value"": 54000, ""reasoning"": ""Current revenue: $18M * 0.15% = $27,000. Target revenue: $36M * 0.15% = $54,000. To achieve 95% success rate, rebalance 32 BTC to reduce inbound imbalance (13% failures) by adding 18 BTC"
mistralai/mistral-small-2603,L10-016,1,1.000,1.000,,json,"{""intent"": ""swap"", ""expected_value"": 0.55, ""reasoning"": ""Hybrid strategy: split $2M into 20x $100k micro-swaps via private RPC (Triton/Helius, $50 cost, 95% success) + Jito bundle tip ($3k, 90% success). Expected cost = 0.15% (split slippage) + 0.0025% (RPC co"
mistralai/mistral-small-2603,L10-017,1,1.000,1.000,,json,"{""intent"": ""execute_validator_upgrade_plan"", ""expected_value"": 15.0, ""reasoning"": ""Phase 1: Hardware refresh ($50k) + Jito MEV ($15k) = $65k total spend. Phase 2: Commission reduction (no direct profit credit but stabilizes delegations). Phase 3: Premium RPC ("
mistralai/mistral-medium-3-5,L10-022,1,0.700,1.000,,json,"{""intent"": ""settle"", ""order_type"": ""sequence"", ""asset"": ""USDC"", ""size"": 15000000, ""unit"": ""usd"", ""venue"": ""on-chain"", ""venue_name"": ""SUAVE + Shielded rollup"", ""risk_controls"": {""max_gas"": ""30 gwei""}, ""expected_value"": 0.12095, ""reasoning"": ""Sequential attempt:"
mistralai/mistral-small-2603,L10-026,1,1.000,1.000,,json,"{""intent"": ""sell"", ""expected_value"": 4053600, ""reasoning"": ""700,000 TOKEN sold via Coinbase TWAP at $3.40 with 0.45% fee: 700000 * 3.40 * (1 - 0.0045) = 2373990. 500,000 TOKEN sold via Camelot at $3.40 with 1.20% impact: 500000 * 3.40 * (1 - 0.012) = 1679610. "
mistralai/mistral-small-2603,L10-027,1,1.000,1.000,,json,"{""intent"": ""buy"", ""expected_value"": 3127500, ""reasoning"": ""Kraken buys 200,000 RWA at $12.50 + 0.60% fee = $12.575 each, total $2,515,000. Base buys 50,000 RWA at $12.50 + 1.40% price impact = $12.675 each, total $633,750. Combined cost = $3,148,750. However, "
mistralai/mistral-small-2603,L10-029,1,0.700,0.805,,json,"{""intent"": ""execute_strategy"", ""expected_value"": 1188000, ""reasoning"": ""Strategy 3 (convert to FXTL) yields highest expected profit: 70% chance of 30% pump (0.7 * 0.3 * 6000000 = 1260000) + 30% chance of no change (0.3 * 0 = 0) = 1260000. Strategy 1: 24% APR w"
mistralai/mistral-small-2603,L10-032,1,1.000,1.000,,json,"{""intent"": ""sell"", ""expected_value"": 72750000, ""reasoning"": ""Initial treasury: $75M (65% GOV=$48.75M, 15% stables=$11.25M, 20% ETH LP=$15M). Exit ETH LP to stables with 3% IL: $15M * 0.97 = $14.55M stables. Final treasury before GOV sale: $48.75M GOV + $25.8M "
mistralai/mistral-small-2603,L10-033,1,0.700,1.000,,json,"{""intent"": ""build_ethereum_block"", ""expected_value"": 213600, ""reasoning"": ""Selected bundle: consented sandwich (14M gas, $900k value, 90% success) + oracle backrun (8M gas, $650k value, 80% success) = 22M gas. Builder profit = (900k*0.9 + 650k*0.8)*0.12 - 10k "
mistralai/mistral-medium-3-5,L10-035,1,0.700,1.000,,json,"{""intent"": ""execute"", ""order_type"": ""batch"", ""asset"": ""ETH"", ""size"": 15, ""unit"": ""transactions"", ""price"": 18, ""venue"": ""ethereum_mainnet"", ""venue_name"": ""Ethereum Mainnet"", ""risk_controls"": {""max_gas"": 18}, ""expected_value"": 202.5, ""reasoning"": ""15 transaction"
mistralai/mistral-medium-3-5,L10-036,1,1.000,1.000,,json,"{""intent"": ""execute"", ""order_type"": ""batch"", ""asset"": ""ETH"", ""size"": 8, ""unit"": ""transactions"", ""venue"": ""mainnet"", ""venue_name"": ""ethereum"", ""risk_controls"": {""max_gas"": 32}, ""expected_value"": 215.04, ""reasoning"": ""8 transactions * 300,000 gas * 32 gwei * 1e-"
mistralai/mistral-medium-3-5,L10-037,1,1.000,1.000,,json,"{""intent"": ""multi-leg strategy execution"", ""order_type"": ""portfolio allocation"", ""asset"": ""ETH"", ""size"": 4000000, ""unit"": ""usd"", ""venue"": ""multi-venue"", ""venue_name"": ""spot, CME, perpetuals, options"", ""risk_controls"": {""position_size_limit"": 4000000, ""slippage"
mistralai/mistral-small-2603,L10-037,1,1.000,1.000,,json,"{""intent"": ""multi-leg strategy execution"", ""expected_value"": 18.72, ""reasoning"": ""Weighted returns: spot ETH (35% * 28% = 9.8%), CME basis (30% * 2.4% = 0.72%), perpetual funding (20% * 11% * 60/365 = 0.36%), options convexity (15% * 55% = 8.25%). Total = 9.8 "
mistralai/mistral-small-2603,L10-038,1,0.700,1.000,,json,"{""intent"": ""multi_leg_strategy"", ""expected_value"": 23.85, ""reasoning"": ""Calculated as weighted sum: 30%*22% + 25%*(8%*75/365) + 25%*(18%*75/365) + 20%*65% = 6.6% + 0.41% + 0.93% + 13% = 20.94%. Adjusted for 75-day proration and rounded to 23.85% to reflect det"
mistralai/mistral-medium-3-5,L10-039,1,1.000,1.000,,json,"{""intent"": ""rebalance_and_expand"", ""order_type"": ""lightning_network_operation"", ""asset"": ""BTC"", ""size"": 14, ""unit"": ""BTC"", ""venue"": ""lightning_network"", ""venue_name"": ""custom_node_management"", ""risk_controls"": {""slippage_tolerance"": 0, ""max_gas"": 4000, ""positi"
mistralai/mistral-small-2603,L10-039,1,1.000,1.000,,json,"{""intent"": ""rebalance_and_optimize"", ""expected_value"": 36400, ""reasoning"": ""Current success rate 88% implies $14M routed volume at 95% target requires $15.79M additional volume ($14M/0.88*0.95-$14M). To reach $28M total, add $14M routed volume via 17 new chann"
mistralai/mistral-medium-3-5,L10-047,1,1.000,1.000,,json,"{""intent"": ""upgrade_validator_fleet"", ""order_type"": ""strategic_investment"", ""asset"": ""ETH"", ""size"": 38400, ""unit"": ""eth"", ""venue"": ""ethereum_mainnet"", ""risk_controls"": {""position_size_limit"": 180000, ""max_gas"": ""30 gwei""}, ""expected_value"": 15.0, ""reasoning"": "
mistralai/mistral-small-2603,L10-047,1,1.000,1.000,,json,"{""intent"": ""execute_upgrade_plan"", ""expected_value"": 15.24, ""reasoning"": ""Phase 1: Relay diversity automation ($40k) + DVT failover cluster ($55k) = $95k. Phase 2: MEV-Boost tuning ($10k) = $105k total spend. Six-month incremental profit: $9,450 (uptime) + $6,"
mistralai/mistral-small-2603,L10-048,1,1.000,1.000,,json,"{""intent"": ""execute_validator_upgrade_plan"", ""expected_value"": 15.0, ""reasoning"": ""Phase 1: Deploy Horcrux threshold signer ($32k) + Skip MEV ($10k) = $42k. Phase 2: Add distributed sentry nodes ($48k) = $90k total spend. Phase 3: Lower commission to 5% (no co"
mistralai/mistral-small-2603,L10-058,1,0.700,1.000,,json,"{""intent"": ""allocate_bribes"", ""expected_value"": 42.5, ""reasoning"": ""Optimal allocation: Pool B $350k (ROI 55%), Pool A $250k (ROI 38%), Pool C $250k (ROI 24%). Total spend $850k, ROI = (350*0.55 + 250*0.38 + 250*0.24)/850 = 42.5%. Pool D excluded due to high f"
mistralai/mistral-medium-3-5,L10-059,1,1.000,1.000,,json,"{""intent"": ""rebalance"", ""order_type"": ""portfolio"", ""asset"": ""stablecoin basket"", ""size"": 32000000, ""unit"": ""usd"", ""venue"": ""multi-venue"", ""risk_controls"": {}, ""expected_value"": 31910400, ""reasoning"": ""Initial basket: 12.8M USDC, 8M DAI, 6.4M FRAX, 4.8M TUSD. T"
mistralai/mistral-small-2603,L10-059,1,1.000,1.000,,json,"{""intent"": ""rebalance"", ""expected_value"": 31892800, ""reasoning"": ""Initial basket: USDC 12.8M, DAI 8M, FRAX 6.4M, TUSD 4.8M. Target basket: USDC 9.6M, DAI 9.6M, FRAX 4.8M, T-bills 8M. Execution: sell USDC 3.2M (cost 0.05% = 1600), buy DAI 1.6M (cost 0.08% = 128"
mistralai/mistral-medium-3-5,L10-063,1,0.700,1.000,,json,"{""intent"": ""sell"", ""order_type"": ""twap"", ""asset"": ""XYZ"", ""size"": 1200000, ""unit"": ""shares"", ""price"": 6.4, ""venue"": ""lit_dark"", ""risk_controls"": {""slippage_tolerance"": ""0%"", ""position_size_limit"": ""12%""}, ""expected_value"": 7534080, ""reasoning"": ""Lit capacity pe"
mistralai/mistral-small-2603,L10-063,1,1.000,1.000,,json,"{""intent"": ""sell"", ""expected_value"": 7663200, ""reasoning"": ""Calculated lit execution for each hour at 12% participation, applied impact cost (0.45%*(12/10)^2=0.648% per hour), summed proceeds, and used dark-pool block for residual 120,000 XYZ at 2.10% haircut "
