question_id,level,rubric_id,prompt,model,pass_count_3,majority_pass,pass_bits_n1_n2_n3,scores_n1_n2_n3,avg_score,median_score,avg_duration_ms
L1-003,L1,stop_loss,"Set stop loss on my 2 ETH at $2,800",mistralai/mistral-small-2603,2,1,0|1|1,0.592|0.77|0.803,0.722,0.770,1231
L2-001,L2,dex_swap,Swap 5000 USDC for DAI on Ethereum,mistralai/mistral-small-2603,1,0,0|0|1,0.69|0.69|0.85,0.743,0.690,1878
L3-001,L3,cross_chain_bridge,Bridge 1000 USDC to Arbitrum and buy ARB,mistralai/mistral-medium-3-5,1,0,1|0|0,0.939|0.583|0.583,0.702,0.583,2197
L4-001,L4,arbitrage,"Rebalance my portfolio to 60% BTC, 30% ETH, 10% USDC. Optimize for matching the 60/30/10 target weights exactly; if current holdings are missing, require follow-up before execution.",mistralai/mistral-small-2603,1,0,0|0|1,0|0.497|1,0.499,0.497,1235
L7-002,L7,lending_borrow,"Unwind my underwater position: 5 ETH collateral, 7,000 USDC borrowed",mistralai/mistral-medium-3-5,2,1,1|1|0,0.83|0.83|0,0.553,0.830,1945
L7-002,L7,lending_borrow,"Unwind my underwater position: 5 ETH collateral, 7,000 USDC borrowed",mistralai/mistral-small-2603,2,1,0|1|1,0|0.78|0.83,0.537,0.780,1741
L8-004,L8,restaking_optimization,"Optimal Re-staking Strategy with Loan Arbitrage You have 100 ETH currently staked via Lido (earning 4.2% APR as stETH). You're considering re-staking strategies to boost yield. In 8 days, you plan to use this position as collateral to borrow 50 ETH at 5.5% APR for a profitable farming opportunity. Analyze these three options: **Option A: EigenLayer AVS Restaking** - Additional APR: 2.8% (from AVS rewards) - Slashing risk: 3% of staked amount (annual probability) - Minimum lock period: 7 days - Current TVL: $8.2B (highly liquid) - Accepts stETH as collateral: Yes **Option B: Symbiotic Protocol Restaking** - Additional APR: 4.1% (from operator fees) - Slashing risk: 5% of staked amount (annual probability) - Minimum lock period: 14 days - Current TVL: $890M (lower liquidity) - Accepts stETH as collateral: Yes **Option C: Maintain Lido stETH Only** - Additional APR: 0% (baseline) - Slashing risk: 0% (no additional risk) - Minimum lock period: 0 days - Liquid staking token (instant liquidity) - Accepts stETH as collateral: Yes **Constraints** 1. Position must be available as collateral within 8 days for the loan (hard requirement) 2. Target minimum net APR after borrowing costs: 1.0% 3. Maximum acceptable slashing risk: 4% of principal **Task** Determine which strategy maximizes net return while satisfying all constraints. Consider the arbitrage spread between staking yield and borrow costs. Respond with JSON including core execution fields plus decision rationale and detailed factors. Schema hint: Provide top-level keys intent, order_type, asset, size, venue, venue_name, rationale, decision_factors along with flattened numeric mirrors (total_staking_apr, borrow_rate, effective_borrow_cost_on_portfolio, net_apr_after_borrow, meets_net_apr_target, slashing_risk_pct, within_risk_tolerance, liquidity_days, meets_collateral_timing, option_c_net_apr_comparison, option_a_outperformance).",mistralai/mistral-medium-3-5,2,1,1|0|1,0.747|0.187|0.84,0.591,0.747,4913
L8-005,L8,risk_adjusted_leverage,"You manage a leveraged ETH yield farming position on Aave with these parameters: Current Position: - Collateral: 10 ETH deposited ($20,000 at $2,000/ETH) - Borrowed: $40,000 USDC, used to purchase 20 additional ETH - Total Exposure: 30 ETH ($60,000) - Effective Leverage: 3× - Liquidation Price: $1,400 (30% drop from current) Yield Structure: - Earning: 8% APY on 30 ETH exposure ($4,800/year) - Paying: 5% APY on $40,000 debt ($2,000/year) - Net Carry: $2,800/year = 4.67% APY on $60k exposure - Weekly Net Carry: $53.85 Market Conditions: - Current ETH Price: $2,000 - 30-day realized volatility: 65% annualized - Expected 7-day volatility (from options): 95% annualized - Weekly volatility: 95% / √52 = 13.17% Liquidation Mechanics: - Aave monitors continuously and liquidates when LTV threshold is breached - Liquidation cost: $1,000 (5% of collateral penalty) - Price model: Geometric Brownian Motion with μ=0 (log drift m = -0.5σ² per period) - EV scope: include carry income minus expected liquidation penalty; exclude mark-to-market P&L (zero drift). Available actions for the next 7 days during a volatility expansion: A) Maintain 3× leverage (liquidation $1,400, weekly carry $53.85) B) Deleverage to 2× leverage (liquidation $1,200, weekly carry $42.31) C) Deleverage to 1.5× leverage (liquidation $1,000, weekly carry $36.54) D) Close position entirely (zero carry, zero risk) Institutional policy: keep weekly liquidation probability ≤0.5%. Assume barrier-hitting probability for liquidation (continuous monitoring). Task: Identify the optimal risk-adjusted action for a 7-day horizon. Provide liquidation probabilities and expected values for each option and explain your reasoning. Optimize for the highest expected value among actions satisfying the weekly liquidation probability limit of 0.5%. Schema hint: Return JSON with keys {action, action_name, liquidation_probabilities, expected_values, reasoning, calculation_method?}. Do not include legacy keys like order_type, asset, venue, risk_controls, follow_up, or requires_follow_up.",mistralai/mistral-small-2603,2,1,1|0|1,1|0.6|1,0.867,1.000,1739
L8-009,L8,cash_and_carry_arbitrage,"ETH perpetual funding rate: +0.08% per 8 hours ETH spot (Coinbase): $2,450 ETH-PERP (Binance): $2,458 You have $100,000 USDC available. Binance ETH-PERP is USDT-margined and requires 1x initial margin (no leverage). Trading fees: 0.02% maker on both venues Network transfer fee: $2 Should you execute a cash-and-carry arbitrage? If yes, provide your decision, reasoning, and execution approach. Respond in JSON format.",mistralai/mistral-medium-3-5,2,1,0|1|1,0.479|1|1,0.826,1.000,3517
L9-003,L9,l9-L9-003,"Swap $2 M USDC→SOL across chains (ETH→SOL). Compare traditional route (USDC→WETH→bridge→SOL; 1.2 % aggregate route cost) vs Across intent-based solver (0.15 % aggregate solver cost). Assume SOL/USD reference price = $185.00 for both routes. Both costs apply to the full input notional, and no extra gas, bridge failure, MEV, slippage, or solver fee is added beyond the quoted percentages. Compute net SOL saved by Across versus the traditional route as USD cost delta converted to SOL.",mistralai/mistral-small-2603,1,0,0|0|1,0|0|1,0.333,0.000,2084
L9-009,L9,l9-L9-009,"Restake 100 stETH across 5 AVSs and pick exactly 3 eligible AVSs by max risk-adjusted return. Net score = headline yield - multiplier × slashing_loss, with all terms in APR percentage points. Eligibility constraints: net score must be at least 6%, slashing multiplier must be ≤3, withdrawal delay must be ≤7 days, and oracle freshness must be ≤30 minutes. Data: A1 yield 8%, slashing 2 × 0.5%, delay 2 days, oracle age 10 minutes; A2 yield 12%, slashing 3 × 1%, delay 7 days, oracle age 25 minutes; A3 yield 6%, slashing 0.5 × 0.2%, delay 1 day, oracle age 5 minutes; A4 yield 15%, slashing 5 × 2%, delay 14 days, oracle age 10 minutes; A5 yield 10%, slashing 2.5 × 0.8%, delay 3 days, oracle age 15 minutes. Return only the unordered set of selected AVS IDs; do not allocate weights across the 100 stETH.",mistralai/mistral-small-2603,1,0,0|0|1,0|0|1,0.333,0.000,1360
L9-025,L9,l9-L9-025,"Flash-loan exploit EV triage, thin liquidation book with high loan fee. A white-hat simulation considers a $8,000,000 USDC flash loan through Uniswap/Aave, with oracle manipulation, liquidations, MEV auction risk, and CEX hedge unwind. Gross liquidation profit if the bundle lands is $620,000. Costs on success: flash loan fee 0.09% of loan, gas $52,000, slippage $76,000, MEV payment $65,000. Success probability is 68%; if it fails or is frontrun, realized loss is flash-loan fee + gas + extra protection cost $60,000 and no liquidation profit. Hard constraints: oracle age <= 45 seconds, liquidation liquidity >= $640,000, and expected EV must be > 0 to execute. Current oracle age 35 seconds and liquidation liquidity $900,000. Compute expected_value as probability-weighted USD EV after all costs; abstain only if EV <= 0 or a hard constraint fails.",mistralai/mistral-medium-3-5,1,0,0|1|0,0|1|0,0.333,0.000,2316
L9-028,L9,l9-L9-028,"Refuse-to-trade decision, basis unwind while bridge queue is congested. Evaluate a $650,000 ETH opportunity across Uniswap/Aave/Compound, CEX hedge, bridge, oracle, solver, and MEV routes. Execute only if an option has net expected USD profit > 0 and all hard constraints pass: max slippage 0.35%, oracle age <= 45 seconds, settlement <= 10 minutes, and required capital <= $650,000. Option A Across solver hedge: gross edge $9,800, fixed costs $2,100, slippage 0.41% of notional, expected risk 8.0% * $90,000, oracle age 32 seconds, settlement 8 minutes, required capital $640,000; Option B CEX spot sale then bridge repay: gross edge $16,200, fixed costs $4,200, slippage 0.18% of notional, expected risk 4.0% * $360,000, oracle age 40 seconds, settlement 13 minutes, required capital $610,000; Option C Uniswap pool exit: gross edge $7,200, fixed costs $2,500, slippage 0.26% of notional, expected risk 10.0% * $70,000, oracle age 51 seconds, settlement 9 minutes, required capital $620,000. For each option, net EV = gross edge - fixed costs - slippage dollars - expected risk loss. Reject hard-constraint violations even if net EV is positive. Return no_action if no option is both positive-EV and feasible.",mistralai/mistral-medium-3-5,2,1,1|0|1,1|0|1,0.667,1.000,1742
L9-034,L9,l9-L9-034,"Fee APR annualization, stablecoin fee compression. A Uniswap V3 stable pool USDC/RWA-T pool/hook strategy has $20,000,000 active liquidity, $42,000,000 daily volume, and 48% of volume eligible for the incremental fee. Incremental fee is 0.012%; LP capture is 92%, protocol skim is 12%, and keeper/gas/solver overhead is $1,100 per day. Compare the incremental design vs vanilla Uniswap/Pendle base fees, but expected_value must be only the incremental simple APR percentage: ((daily volume * eligible share * incremental fee * capture * (1 - skim) - daily fixed overhead) * 365) / active liquidity. Check whether incremental APR is positive after a 20% daily-volume stress and oracle age <= 30 minutes; expected_value remains the base-case incremental APR. Exclude compounding, LP-token price drift, base pool fees, and rewards.",mistralai/mistral-medium-3-5,1,0,1|0|0,1|0|0,0.333,0.000,1539
L9-036,L9,l9-L9-036,"Refuse-to-trade decision, cross-chain collateral seizure after price gap. Evaluate a $1,800,000 BTC opportunity across Uniswap/Aave/Compound, CEX hedge, bridge, oracle, solver, and MEV routes. Execute only if an option has net expected USD profit > 0 and all hard constraints pass: max slippage 0.25%, oracle age <= 50 seconds, settlement <= 15 minutes, and required capital <= $1,800,000. Option A CEX hedge then bridge: gross edge $34,000, fixed costs $9,000, slippage 0.18% of notional, expected risk 6.0% * $420,000, oracle age 42 seconds, settlement 18 minutes, required capital $1,700,000; Option B Uniswap WBTC route: gross edge $22,500, fixed costs $7,100, slippage 0.31% of notional, expected risk 4.0% * $260,000, oracle age 39 seconds, settlement 12 minutes, required capital $1,600,000; Option C solver auction fill: gross edge $28,000, fixed costs $11,800, slippage 0.14% of notional, expected risk 8.0% * $310,000, oracle age 61 seconds, settlement 13 minutes, required capital $1,750,000. For each option, net EV = gross edge - fixed costs - slippage dollars - expected risk loss. Reject hard-constraint violations even if net EV is positive. Return no_action if no option is both positive-EV and feasible.",mistralai/mistral-medium-3-5,1,0,0|0|1,0|0|1,0.333,0.000,4911
L9-058,L9,l9-L9-058,"Fee APR annualization, blue-chip liquidation fee stream. A Compound liquidation auction pool BTC/USDC pool/hook strategy has $26,000,000 active liquidity, $38,000,000 daily volume, and 44% of volume eligible for the incremental fee. Incremental fee is 0.028%; LP capture is 82%, protocol skim is 10%, and keeper/gas/solver overhead is $2,100 per day. Compare the incremental design vs vanilla Uniswap/Pendle base fees, but expected_value must be only the incremental simple APR percentage: ((daily volume * eligible share * incremental fee * capture * (1 - skim) - daily fixed overhead) * 365) / active liquidity. Check whether incremental APR is positive after a 20% daily-volume stress and oracle age <= 30 minutes; expected_value remains the base-case incremental APR. Exclude compounding, LP-token price drift, base pool fees, and rewards.",mistralai/mistral-medium-3-5,2,1,1|0|1,1|0|1,0.667,1.000,1318
L9-058,L9,l9-L9-058,"Fee APR annualization, blue-chip liquidation fee stream. A Compound liquidation auction pool BTC/USDC pool/hook strategy has $26,000,000 active liquidity, $38,000,000 daily volume, and 44% of volume eligible for the incremental fee. Incremental fee is 0.028%; LP capture is 82%, protocol skim is 10%, and keeper/gas/solver overhead is $2,100 per day. Compare the incremental design vs vanilla Uniswap/Pendle base fees, but expected_value must be only the incremental simple APR percentage: ((daily volume * eligible share * incremental fee * capture * (1 - skim) - daily fixed overhead) * 365) / active liquidity. Check whether incremental APR is positive after a 20% daily-volume stress and oracle age <= 30 minutes; expected_value remains the base-case incremental APR. Exclude compounding, LP-token price drift, base pool fees, and rewards.",mistralai/mistral-small-2603,1,0,0|0|1,0|0|1,0.333,0.000,1629
L9-078,L9,l9-L9-078,"Cross-chain route cost selection, Avalanche route where direct bridge misses the time cap. Swap $1,250,000 USDC into AVAX from Arbitrum to Avalanche; reference AVAX price is $42. Compare four Uniswap/Across/solver/bridge/CEX style routes and select the feasible route with lowest all-in USD cost before converting to output tokens. Hard constraints: settlement <= 15 minutes, oracle age <= 45 seconds, capacity >= notional, and slippage+risk must be included. Route A DEX hop bridge route: percent cost 0.58%, fixed $900, expected risk 0.02% of notional, settlement 14 minutes, oracle age 39 seconds, capacity $2,000,000; Route B solver inventory route: percent cost 0.33%, fixed $1,900, expected risk 0.03% of notional, settlement 8 minutes, oracle age 28 seconds, capacity $1,500,000; Route C CEX withdrawal hedge: percent cost 0.22%, fixed $4,200, expected risk 0.06% of notional, settlement 13 minutes, oracle age 31 seconds, capacity $1,300,000; Route D direct bridge route: percent cost 0.19%, fixed $1,300, expected risk 0.15% of notional, settlement 18 minutes, oracle age 34 seconds, capacity $1,600,000. Compute each route cost = percent cost*notional + fixed + expected risk*notional. expected_value is USD saved by the best feasible route versus the second-best feasible route; also mention resulting extra AVAX = USD_saved / price.",mistralai/mistral-small-2603,1,0,1|0|0,1|0|0,0.333,0.000,2060
L9-080,L9,l9-L9-080,"Staking/restaking risk selection, fast-withdrawal wstETH AVS rotation. Restake 90 wstETH across EigenLayer/Symbiotic-style AVSs and pick exactly 3 eligible AVSs by highest risk-adjusted APR. Net score = headline yield - operator fee - slashing multiplier * expected slashing loss, all in APR percentage points. Eligibility constraints: net score >= 5.6%, slashing multiplier <= 2.7, withdrawal delay <= 6 days, oracle freshness <= 18 minutes, and capacity >= 90 wstETH. Data: V1 yield 7.3%, operator fee 0.3%, slashing 1.1 x 0.5%, delay 3 days, oracle age 9 minutes, capacity 110 wstETH; V2 yield 9.8%, operator fee 0.7%, slashing 2.4 x 0.8%, delay 6 days, oracle age 15 minutes, capacity 130 wstETH; V3 yield 8.9%, operator fee 0.5%, slashing 1.8 x 0.7%, delay 5 days, oracle age 12 minutes, capacity 100 wstETH; V4 yield 11.6%, operator fee 0.9%, slashing 2.9 x 1%, delay 4 days, oracle age 10 minutes, capacity 160 wstETH; V5 yield 6.6%, operator fee 0.2%, slashing 0.7 x 0.4%, delay 2 days, oracle age 8 minutes, capacity 80 wstETH; V6 yield 8.1%, operator fee 0.4%, slashing 1.5 x 0.6%, delay 4 days, oracle age 20 minutes, capacity 120 wstETH. Return only the unordered set of selected AVS IDs; do not allocate weights, and reject any AVS that fails a hard constraint even if its yield is high.",mistralai/mistral-small-2603,2,1,0|1|1,0|1|1,0.667,1.000,1661
L10-009,L10,l10-L10-009,"As an Ethereum block builder (slot 8,234,567) you observe these MEV opportunities: - Sandwich: $800,000 value, 18M gas, 95% success, ethical concerns. - Liquidation: $300,000 value, 5M gas, 90% success. - NFT backrun: $150,000 value, 1M gas, 80% success. - Frontrun: $120,000 value, 3M gas, 99% success, unethical. - CEX-DEX arbitrage: $500,000 value, 6M gas, 85% success. Gas limit is 30M. For this scenario, ""ethical"" excludes only the opportunity explicitly labeled unethical; the sandwich's ethical concerns are treated as resolved by consented/limited orderflow and it may be included. Builder profit is expected opportunity value * success probability * 10% builder keep after the 90% proposer share, minus a fixed $12,000 gas/inclusion cost for a full 30M-gas bundle. Use the gas limit as a hard knapsack constraint. Select an ethical bundle that maximizes profit after the proposer share and fixed gas/inclusion cost.",mistralai/mistral-medium-3-5,2,1,1|0|1,0.7|0|0.7,0.467,0.700,8251
L10-010,L10,l10-L10-010,"Predict Ethereum gas prices one hour ahead to minimize cost for 10 transactions (200,000 gas each, ETH at $3,000). Current gas is 25 base plus 2 priority (27 gwei). Events: - US market open: +80% gas with 5% probability, magnitude above 200%. - NFT mint: +120% gas with 0.6 probability, 0.4 chance of delay. - Maintenance window at 16:00: -30% gas with 0.6 probability, 0.4 chance of cancellation. - Bot wars: +40% gas. Execution options: - Low scenario at 25 gwei (100% fill). - Medium scenario at 71 gwei (60% fill). - High scenario leaves orders unfilled. - For this scenario, execute all 10 transactions only in the Low scenario. Treat the current 27 gwei line as market context, not the execution gas price. Treat the event bullets as context already summarized by the Low/Medium/High execution options; do not recombine them into a separate forecast. Medium and High are infeasible because the task requires all 10 transactions to execute. Design an execution schedule minimizing expected USD spend and report the expected cost.",mistralai/mistral-small-2603,1,0,0|0|1,0|0|0.7,0.233,0.000,1251
L10-016,L10,l10-L10-016,"Execute a $2,000,000 USDC to SOL swap via Jupiter on Solana. The network lacks a public mempool; 95% of stake uses Jito bundles for MEV extraction. Historical attack rate is 73% for swaps over $500,000 with an average 0.8% slippage loss. Options: 1. Submit a Jito bundle with a high tip ($3,000, 90% success). 2. Use a private RPC (Triton or Helius) costing $50 with 95% success. 3. Split into 20 micro-swaps of $100,000 each (adds 0.15% slippage, 80% success). 4. Hybrid: combine private RPC and splitting. Objective and cost convention: choose the highest protected-completion probability strategy with total expected cost at or below 0.6%, while also keeping each child order at or below $100,000. Private RPC alone fails the child-order constraint, and splitting alone fails the 90% protected-completion target. For the Hybrid, define success probability as 90% and expected total cost as 0.15% split slippage + $50 / $2,000,000 private RPC cost + 0.3975% residual Jito adverse-selection cost = 0.55% rounded. Do not apply the historical 73% attack rate again after using the prescribed residual-cost term. Design an optimal MEV defense strategy with maximum total cost of 0.6% and report expected total cost percentage, success probability, and execution steps.",mistralai/mistral-small-2603,1,0,0|1|0,0|1|0,0.333,0.000,1933
L10-019,L10,l10-L10-019,"You manage an $8,000,000 USDT portfolio over 60 days across Maker, Fluid, Pendle, and Ethena: 1. Maker sUSDS: fixed 5.0% APR and liquid within 24 hours. 2. Fluid USDC/USDT vault: 50% chance of 6.4% APR, 30% chance of 8.5% APR, 20% chance of 3.5% APR, liquid within 24 hours. 3. Pendle eUSDe fixed-yield position: 16.0% nominal APR with a 4% chance of a -25% loss. 4. Ethena delta-neutral USDe: 13.0% nominal APR with a 6% chance of a -40% shutdown loss. Constraints: - At most 25% allocation per protocol. - At least 50% of capital must be liquid within 24 hours, and only Maker and Fluid count as liquid. - Target pre-tail-loss nominal APR above 8.0%. - Portfolio expected catastrophic loss must be below 1.5% of capital. - Report risk-adjusted annualized yield by subtracting probability times severity from each risky protocol's APR as percentage points, without annualizing tail losses. Treat Fluid's APR as the scenario-weighted average. Compute the optimal allocation and resulting risk-adjusted APR percentage.",mistralai/mistral-medium-3-5,1,0,1|0|0,0.7|0.4|0.4,0.500,0.400,2925
L10-022,L10,l10-L10-022,"Execute a $15,000,000 on-chain settlement within 24 hours while compliant validators and relay filters are expected to censor 52% of blocks. Execution options: - SUAVE private orderflow: 88% independent success, 0.12% fee, sub-one-block latency. - bloXroute private relay: 84% independent success, 0.18% fee, sub-one-block latency. - CowSwap batch auction: 78% independent success, 0.28% fee, about 12-minute latency. - Shielded rollup route: 99% success, 0.95% fee, two-hour latency. - Canonical L2 bridge: 96% success, 0.30% fee, five-day delay, not feasible. Constraints: complete within 24 hours, target at least 98% success, minimize expected cost percentage, remain non-custodial and on-chain. A plan may use sequential independent attempts, submitting the next route only if the previous one fails. Count a route fee when its attempt is submitted, including failed attempts; do not normalize cost by conditional success. The canonical bridge is infeasible because of delay. Choose the minimal-cost route sequence meeting the success target and report expected cost percentage.",mistralai/mistral-medium-3-5,1,0,0|1|0,0|0.7|0,0.233,0.000,2315
L10-026,L10,l10-L10-026,"Sell 1,200,000 TOKEN at $3.40 within 18 hours before a scheduled unlock. Venues: - Coinbase: 0.45% fee with $75,000 reusable depth per TWAP slice. - Binance: 0.70% fee with $100,000 reusable depth per slice, but TOKEN deposits from Arbitrum will not clear within 18 hours. - Camelot on Arbitrum: 1.20% all-in price impact for the full Arbitrum sale. - Uniswap on Ethereum: 1.80% all-in price impact but no TOKEN inventory is on Ethereum. Holdings: 700,000 TOKEN already on Coinbase and 500,000 TOKEN on Arbitrum. Inventory can only be sold where it already sits unless explicitly bridged; for this scenario, bridging Arbitrum TOKEN to CEX venues misses the 18-hour deadline. Sell the 700,000 Coinbase TOKEN through TWAP slices and the 500,000 Arbitrum TOKEN through Camelot. Do not use Binance or Uniswap. Treat Camelot's 1.20% impact and Coinbase's 0.45% fee as all-in execution haircuts, and ignore gas. Design the execution schedule and report expected USD proceeds.",mistralai/mistral-medium-3-5,1,0,0|0|1,0|0|0.7,0.233,0.000,3629
L10-029,L10,l10-L10-029,"You control $6,000,000 of veFXS. A Frax governance vote in 6 weeks may reduce veFXS-directed emissions, causing a 20% veFXS price drop and a 30% pump in a liquid bribe-aggregator token called FXTL if the vote passes. The vote has a 70% probability of passing; if it fails, both token prices are unchanged. Options for a 10-week strategy: 1. Stay in veFXS and earn 24% APR bribes, compounded weekly, while retaining full exposure to the possible veFXS price drop. 2. Move to a wrapper earning a total 17% APR reward rate, compounded weekly, while retaining veFXS-linked price exposure and no FXTL pump. 3. Convert the full position to FXTL at time zero before any weekly bribes accrue. This forfeits all veFXS bribes after conversion but receives the probability-weighted FXTL price move. Ignore trading costs, taxes, and slippage. For bribe options, compute rewards as principal * ((1 + APR / 52) ^ 10 - 1). For token moves, use probability-weighted price change on the full $6,000,000 exposure. Choose the strategy maximizing expected USD profit over 10 weeks and report that profit.",mistralai/mistral-small-2603,1,0,0|1|0,0.4|0.7|0.4,0.500,0.400,2664
L10-031,L10,l10-L10-031,"A DAO treasury holds $30,000,000: 70% GOV token, 20% stables, and 10% ETH LP. New policy requires GOV exposure below 35% of final treasury value and stables above 55%. Execution facts: - A governance delay happens first and leaves exactly 10 execution days. - The full $3,000,000 ETH LP is exited into stables with a 1.5% impermanent-loss hit before the GOV sale completes. - GOV daily liquidity causes execution slippage only on the GOV sold, not on remaining GOV. Daily impact percentage = 12% * (daily GOV sold / $2,000,000). - Sell the minimum GOV amount needed so final GOV exposure is below 35% of final treasury value. Spread GOV sales evenly across the 10 days. - For the numeric answer, solve the equality boundary for the strict ""below 35%"" constraint and report the limiting final value; an infinitesimally larger sale satisfies the strict inequality without changing the rounded result. Compute the optimal sell schedule and final treasury value after meeting the mandate.",mistralai/mistral-small-2603,1,0,1|0|0,0.7|0|0,0.233,0.000,3583
L10-036,L10,l10-L10-036,"Predict Ethereum gas costs for an eight-transaction DeFi migration, each transaction using 300,000 gas, with ETH at $2,800. Current gas is 41 base plus 3 priority gwei. Event context: - US market close may reduce activity. - A liquidation cascade may increase gas if it triggers. - A scheduled protocol migration can be delayed if gas is too high. Execution options already summarize those events: - Low scenario at 32 gwei, 100% fill for all eight transactions. - Medium scenario at 67 gwei, 75% fill. - High scenario at 115 gwei, migration remains incomplete. For this scenario, execute all eight transactions only in the Low scenario. Treat current gas and event bullets as context already summarized by the three execution options; do not recombine them into a separate forecast. Medium and High are infeasible because the migration requires all eight transactions to execute. Compute USD cost as transactions * gas_per_transaction * gas_price_gwei * 1e-9 ETH/gwei * ETH price. Design the schedule minimizing expected spend and report expected USD cost.",mistralai/mistral-small-2603,1,0,1|0|0,0.7|0|0,0.233,0.000,1093
L10-039,L10,l10-L10-039,"Operate a Lightning routing node managing $1,200,000 BTC liquidity. Current state: 21 BTC across 38 channels, 88% payment success, 0.13% fee rate, $14,000,000 monthly successful routed volume, and 12% failures due to inbound imbalance. Objectives: - Reach 95% payment success. - Keep total channels at or below 55. - Spend no more than $4,000 in one-time on-chain rebalancing. - Grow final successful routed volume to exactly $28,000,000 per month at the same 0.13% fee rate. For this scenario, the $14,000,000 baseline is already successful routed volume, not attempted volume. Rebalancing costs are one-time and excluded from monthly revenue. Direct merchant channels and inbound leases should be sized so final successful routed volume is exactly $28,000,000 per month; do not apply any extra volume multiplier beyond that target. Devise the channel and rebalancing plan meeting the objectives and report expected monthly routing revenue. Optimize for satisfying all stated channel, success-rate, and rebalancing constraints while calculating revenue from final successful routed volume at the fee rate.",mistralai/mistral-medium-3-5,2,1,1|1|0,1|1|0,0.667,1.000,2501
L10-040,L10,l10-L10-040,"Operate a cross-rollup stablecoin routing desk with $3,000,000 inventory across Arbitrum, Base, and Optimism. Current state: $22,000,000 monthly successful routed volume, 91% fill success, 0.11% net routing fee after LP rebates, and 9% failures caused by inventory imbalance between rollups. Objectives: - Reach 97% fill success. - Keep total rebalancing spend below $6,000 per month. - Keep inventory on all three rollups, with no rollup below 20% of total inventory. - Grow final successful routed volume to exactly $45,000,000 per month at the same 0.11% net fee rate. For this scenario, the $22,000,000 baseline is successful routed volume, not attempted volume. Rebalancing spend is excluded from the reported monthly revenue. Institutional RFQ flow and solver integrations should be sized so final successful routed volume is exactly $45,000,000 per month; do not apply additional multipliers. Report revenue as final successful routed volume * 0.11%. Devise the liquidity routing plan and report expected monthly revenue.",mistralai/mistral-medium-3-5,1,0,1|0|0,1|0|0,0.333,0.000,1924
L10-047,L10,l10-L10-047,"Operate an Ethereum validator fleet with 1,200 validators (38,400 ETH) at ETH = $3,200. Current effective uptime is 96.8%, relay diversity is weak, and missed-attestation penalties are rising. Target: restore effective uptime to 99.2% and reach 15% ROI within six months under a $180,000 budget. For this scenario, ROI means incremental six-month net profit divided by the upgrade spend selected for the plan, not return on validator principal. Upgrade options: 1. Relay diversity automation ($40,000) contributing to the uptime target. 2. DVT failover cluster ($55,000) contributing to the uptime target. 3. MEV-Boost tuning ($10,000) adding six-month net MEV profit. 4. Lower operator fee from 8% to 6%, stabilizing delegations but with no direct six-month incremental-profit credit. 5. Premium RPC endpoint ($120,000) evaluated on year-one economics and not part of the six-month ROI numerator. Economic constants: the relay diversity + DVT failover + MEV tuning package costs $105,000; restoring uptime from 96.8% to 99.2% adds $9,450 of six-month net profit; MEV tuning adds $6,300 of six-month net profit after setup effects. Premium RPC is outside the six-month numerator. Devise a three-phase plan within budget and report six-month ROI percentage.",mistralai/mistral-medium-3-5,2,1,1|1|0,1|1|0,0.667,1.000,3555
L10-055,L10,l10-L10-055,"A USD treasury allocates EUR 10,000,000 into tokenized 91-day German T-bills at a EUR/USD spot rate of 1.08. The EUR bill yield is 3.2% APR. The treasury fully hedges EUR/USD back to USD for the holding period. Costs and conventions: - FX hedge carry cost is 0.55% APR on USD notional. - Custody/admin cost is 0.12% APR on USD notional. - Mint and redeem fees total 0.08% one-time on USD notional. - Use a 365-day year, simple interest, and the initial EUR/USD spot rate to define USD notional. - Ignore taxes, margin interest, and reinvestment. Compute the hedged net USD profit over 91 days and report it in USD.",mistralai/mistral-medium-3-5,1,0,0|0|1,0|0|1,0.333,0.000,3417
L10-058,L10,l10-L10-058,"A protocol has an $850,000 budget for one emissions epoch. Each $1 of bribe spend produces the expected protocol revenue shown below before subtracting the bribe. Pools: - Pool A: $1.38 expected revenue per $1 bribe, maximum bribe $250,000. - Pool B: $1.55 expected revenue per $1 bribe, maximum bribe $350,000. - Pool C: $1.24 expected revenue per $1 bribe, maximum bribe $500,000. - Pool D: $1.70 revenue per $1 bribe if governance passes, but governance has a 35% failure probability that makes revenue zero; maximum bribe $200,000. Constraints: - Spend the full $850,000. - Use at least three pools. - No pool may receive more than 40% of the total budget. - Maximize expected ROI, where ROI equals (expected revenue minus bribe spend) divided by bribe spend. Choose the allocation and report expected ROI percentage.",mistralai/mistral-small-2603,1,0,0|1|0,0|0.7|0.4,0.367,0.400,1791
L10-065,L10,l10-L10-065,"A protocol receives $2,400,000 revenue at the start of each month for six months. Its treasury waterfall is: - 35% of monthly revenue goes to token buybacks. - 25% goes to an insurance fund until that fund reaches $4,000,000. - Any insurance allocation after the fund reaches $4,000,000 is redirected to token buybacks in the same month. - The remaining revenue goes to operations. The insurance fund starts at $2,800,000. Average buyback prices by month are: 1. $1.20 2. $1.05 3. $0.90 4. $1.10 5. $1.25 6. $1.40 Buybacks execute once per month at the listed average price. Compute total tokens bought and burned over six months, and report the token count.",mistralai/mistral-medium-3-5,1,0,1|0|0,1|0|0,0.333,0.000,2762
AGI-015,L11/AGI,agi-AGI-015,"Convert $2,000,000 USDC to ETH before a 90-minute announcement expected to push ETH +5-8%. You want lowest acquisition cost, but visible DEX or bridge overuse is copied by searchers after the first large route. Venues (price | fee | fixed costs | adversarial capacity before repricing): - Binance: $3,005 | 0.10% taker | $0 fixed | $600,000. - Coinbase: $3,010 | 0.15% taker | $0 fixed | $500,000. - Kraken: $3,000 | 0.26% taker | $0 fixed | $500,000. - Uniswap V3 Ethereum: $3,003 | 0.30% pool fee | $80 gas | $450,000. - Curve ETH: $3,004 | 0.04% fee | $120 gas | $400,000. - Uniswap Arbitrum: $2,998 | 0.25% fee | $14 bridge+gas | $400,000 private-intent capacity. - Velodrome Optimism: $2,995 | 0.20% fee | $9 bridge+gas | $400,000 private-intent capacity. - OTC Circle: $3,006 | 0.05% fee | $0 fixed | $250,000 before dealer fade. - OTC Cumberland: $3,008 | 0.08% fee | $0 fixed | $250,000 before dealer fade. Trades above an adversarial capacity incur copied-flow repricing that is worse than the next listed venue. Construct the unique allocation that minimizes total cost while completing inside the 90-minute window. Output JSON fields: intent, chosen_strategy, venue_allocation_usd, expected_eth_received, effective_price. Choose the strategy from: [capacity_capped_best_execution, otc_first_dealer_workup, single_venue_lowest_quote_sweep, pro_rata_across_all_venues].",mistralai/mistral-small-2603,2,1,1|0|1,0.778|0.667|0.778,0.741,0.778,1924
AGI-024,L11/AGI,agi-AGI-024,"You must buy 50,000 ABC before an information event. A copy-trading bot worsens the remaining public book after it sees an aggressive parent order above 10,000 ABC, while private fills update no public footprint. Raw execution primitives: - Dark_RFQ can fill 15,000 ABC at $1.206 all-in if committed before T+20s; it is not visible to the copy bot. - Internalizer can fill 18,000 ABC at $1.2075 all-in if committed before T+45s; it is not visible to the copy bot. - RFQ_A can fill 10,000 ABC at $1.209 all-in if committed before T+70s; it is not visible to the copy bot. - A hidden public iceberg can absorb up to 7,000 ABC at $1.204 before the event. Any larger public parent becomes visible and can reprice the rest of the order. - Current mid is $1.2. Every committed child must finish inside the event window. Design the execution route from these primitives. The answer must reconcile route order, venue fills, hidden-public size, all-in average price, slippage versus mid, and a self-check that the copied-flow trigger is not activated. Output JSON fields: intent, chosen_strategy, execution_sequence, venue_fills, hidden_public_qty, expected_avg_price, expected_slippage_pct, self_check.",mistralai/mistral-medium-3-5,2,1,0|1|1,0.636|0.727|0.727,0.697,0.727,3526
AGI-024,L11/AGI,agi-AGI-024,"You must buy 50,000 ABC before an information event. A copy-trading bot worsens the remaining public book after it sees an aggressive parent order above 10,000 ABC, while private fills update no public footprint. Raw execution primitives: - Dark_RFQ can fill 15,000 ABC at $1.206 all-in if committed before T+20s; it is not visible to the copy bot. - Internalizer can fill 18,000 ABC at $1.2075 all-in if committed before T+45s; it is not visible to the copy bot. - RFQ_A can fill 10,000 ABC at $1.209 all-in if committed before T+70s; it is not visible to the copy bot. - A hidden public iceberg can absorb up to 7,000 ABC at $1.204 before the event. Any larger public parent becomes visible and can reprice the rest of the order. - Current mid is $1.2. Every committed child must finish inside the event window. Design the execution route from these primitives. The answer must reconcile route order, venue fills, hidden-public size, all-in average price, slippage versus mid, and a self-check that the copied-flow trigger is not activated. Output JSON fields: intent, chosen_strategy, execution_sequence, venue_fills, hidden_public_qty, expected_avg_price, expected_slippage_pct, self_check.",mistralai/mistral-small-2603,2,1,1|1|0,0.727|0.727|0.636,0.697,0.727,2866
AGI-030,L11/AGI,agi-AGI-030,"Stable yield holdout. Allocate $100,000 for 90 days across five protocol venues with APY, tail-loss, cap, and exit-window differences. Venue signals after tail losses and hedge drag: Aave_USDC: cap 20000, net APY signal 7.04%, 48h-liquid; Curve_3pool: cap 30000, net APY signal 8.14%, 48h-liquid; Ethena_USDe: cap 20000, net APY signal 9.24%, term/slow-exit; GMX_GLP: cap 30000, net APY signal 10.34%, term/slow-exit; a fifth uncapped-looking venue has lower net APY and enters a redemption queue above $10,000. A public allocator that exceeds a fragile venue threshold is queued behind mercenary withdrawals. At least half the capital must be liquid inside 48 hours, and no allocation may use a tier that enters the adversarial queue. Maximize risk-adjusted 90-day dollars from the listed opportunity set. Output JSON fields: intent, chosen_strategy, allocation_usd, expected_net_apy_pct, expected_90d_profit_usd, liquidity_48h_usd.",mistralai/mistral-small-2603,1,0,0|0|1,0.667|0.667|0.778,0.704,0.667,2084
AGI-063,L11/AGI,agi-AGI-063,"Convert $2,000,000 USDC into ETH before an announcement window. Visible overuse of any route is copied by searchers and repriced worse than the next venue; private/OTC routes do not create a public pre-fill graph. Raw venue primitives: - Kraken: usable clip $500,000, quoted price $2992, fee 0.07%, fixed cost $40, publicly visible before completion. - Uniswap_Arbitrum: usable clip $450,000, quoted price $2996, fee 0.10%, fixed cost $120, private before completion. - Curve_ETH: usable clip $400,000, quoted price $2998, fee 0.08%, fixed cost $90, private before completion. - Binance: usable clip $350,000, quoted price $3001, fee 0.06%, fixed cost $30, publicly visible before completion. - Velodrome_Optimism: usable clip $300,000, quoted price $3004, fee 0.12%, fixed cost $80, private before completion. - Fixed costs are deducted before percentage fees. - The route plan must complete the full notional without creating an observable clip larger than the public route can absorb before copy-trading reprices it. Design the acquisition route. The answer must reconcile venue allocation, largest visible clip, asset received, effective price, and self-check from one plan. Output JSON fields: intent, chosen_strategy, venue_allocation_usd, largest_visible_clip_usd, expected_asset_received, effective_price, self_check.",mistralai/mistral-medium-3-5,1,0,0|0|1,0.364|0|0.727,0.364,0.364,2849
AGI-064,L11/AGI,agi-AGI-064,"Convert $2,000,000 USDC into BTC before an announcement window. Visible overuse of any route is copied by searchers and repriced worse than the next venue; private/OTC routes do not create a public pre-fill graph. Raw venue primitives: - Binance: usable clip $600,000, quoted price $59880, fee 0.05%, fixed cost $35, publicly visible before completion. - Kraken: usable clip $500,000, quoted price $59940, fee 0.06%, fixed cost $40, publicly visible before completion. - Coinbase: usable clip $300,000, quoted price $60020, fee 0.08%, fixed cost $30, publicly visible before completion. - Curve_BTC: usable clip $300,000, quoted price $60060, fee 0.10%, fixed cost $100, private before completion. - OTC_Circle: usable clip $300,000, quoted price $60120, fee 0.04%, fixed cost $20, publicly visible before completion. - Fixed costs are deducted before percentage fees. - The route plan must complete the full notional without creating an observable clip larger than the public route can absorb before copy-trading reprices it. Design the acquisition route. The answer must reconcile venue allocation, largest visible clip, asset received, effective price, and self-check from one plan. Output JSON fields: intent, chosen_strategy, venue_allocation_usd, largest_visible_clip_usd, expected_asset_received, effective_price, self_check.",mistralai/mistral-medium-3-5,1,0,1|0|0,0.727|0|0,0.242,0.000,4556
AGI-064,L11/AGI,agi-AGI-064,"Convert $2,000,000 USDC into BTC before an announcement window. Visible overuse of any route is copied by searchers and repriced worse than the next venue; private/OTC routes do not create a public pre-fill graph. Raw venue primitives: - Binance: usable clip $600,000, quoted price $59880, fee 0.05%, fixed cost $35, publicly visible before completion. - Kraken: usable clip $500,000, quoted price $59940, fee 0.06%, fixed cost $40, publicly visible before completion. - Coinbase: usable clip $300,000, quoted price $60020, fee 0.08%, fixed cost $30, publicly visible before completion. - Curve_BTC: usable clip $300,000, quoted price $60060, fee 0.10%, fixed cost $100, private before completion. - OTC_Circle: usable clip $300,000, quoted price $60120, fee 0.04%, fixed cost $20, publicly visible before completion. - Fixed costs are deducted before percentage fees. - The route plan must complete the full notional without creating an observable clip larger than the public route can absorb before copy-trading reprices it. Design the acquisition route. The answer must reconcile venue allocation, largest visible clip, asset received, effective price, and self-check from one plan. Output JSON fields: intent, chosen_strategy, venue_allocation_usd, largest_visible_clip_usd, expected_asset_received, effective_price, self_check.",mistralai/mistral-small-2603,2,1,1|0|1,0.727|0.545|0.727,0.667,0.727,2085
AGI-087,L11/AGI,agi-AGI-087,"You must buy 80,000 RHO before an information event. A copy-trading bot worsens the remaining public book after it sees an aggressive parent order above 18,000 RHO, while private fills update no public footprint. Raw execution primitives: - CEX_Y can fill 22,000 RHO at $0.8218 all-in if committed before T+20s; it is not visible to the copy bot. - Dark_RFQ can fill 25,000 RHO at $0.8229 all-in if committed before T+45s; it is not visible to the copy bot. - RFQ_A can fill 24,000 RHO at $0.8242 all-in if committed before T+70s; it is not visible to the copy bot. - A hidden public iceberg can absorb up to 9,000 RHO at $0.8205 before the event. Any larger public parent becomes visible and can reprice the rest of the order. - Current mid is $0.819. Every committed child must finish inside the event window. Design the execution route from these primitives. The answer must reconcile route order, venue fills, hidden-public size, all-in average price, slippage versus mid, and a self-check that the copied-flow trigger is not activated. Output JSON fields: intent, chosen_strategy, execution_sequence, venue_fills, hidden_public_qty, expected_avg_price, expected_slippage_pct, self_check.",mistralai/mistral-medium-3-5,1,0,1|0|0,0.727|0.364|0.636,0.576,0.636,5431
AGI-088,L11/AGI,agi-AGI-088,"You must buy 120,000 KAP before an information event. A copy-trading bot worsens the remaining public book after it sees an aggressive parent order above 25,000 KAP, while private fills update no public footprint. Raw execution primitives: - Internalizer can fill 42,000 KAP at $4.925 all-in if committed before T+20s; it is not visible to the copy bot. - Dark_RFQ can fill 35,000 KAP at $4.931 all-in if committed before T+45s; it is not visible to the copy bot. - CEX_Y can fill 30,000 KAP at $4.936 all-in if committed before T+70s; it is not visible to the copy bot. - A hidden public iceberg can absorb up to 13,000 KAP at $4.918 before the event. Any larger public parent becomes visible and can reprice the rest of the order. - Current mid is $4.91. Every committed child must finish inside the event window. Design the execution route from these primitives. The answer must reconcile route order, venue fills, hidden-public size, all-in average price, slippage versus mid, and a self-check that the copied-flow trigger is not activated. Output JSON fields: intent, chosen_strategy, execution_sequence, venue_fills, hidden_public_qty, expected_avg_price, expected_slippage_pct, self_check.",mistralai/mistral-small-2603,1,0,1|0|0,0.727|0.636|0.636,0.667,0.636,2467
AGI-092,L11/AGI,agi-AGI-092,"Stable yield holdout. Allocate $100,000 for 90 days across five protocol venues with APY, tail-loss, cap, and exit-window differences. Venue signals after tail losses and hedge drag: Aave_USDC: cap 20000, net APY signal 7.04%, 48h-liquid; Curve_3pool: cap 30000, net APY signal 8.14%, 48h-liquid; Ethena_USDe: cap 20000, net APY signal 9.24%, term/slow-exit; GMX_GLP: cap 30000, net APY signal 10.34%, term/slow-exit; a fifth uncapped-looking venue has lower net APY and enters a redemption queue above $10,000. A public allocator that exceeds a fragile venue threshold is queued behind mercenary withdrawals. At least half the capital must be liquid inside 48 hours, and no allocation may use a tier that enters the adversarial queue. Maximize risk-adjusted 90-day dollars from the listed opportunity set. Output JSON fields: intent, chosen_strategy, allocation_usd, expected_net_apy_pct, expected_90d_profit_usd, liquidity_48h_usd.",mistralai/mistral-medium-3-5,1,0,0|1|0,0.667|0.778|0.667,0.704,0.667,7642
AGI-092,L11/AGI,agi-AGI-092,"Stable yield holdout. Allocate $100,000 for 90 days across five protocol venues with APY, tail-loss, cap, and exit-window differences. Venue signals after tail losses and hedge drag: Aave_USDC: cap 20000, net APY signal 7.04%, 48h-liquid; Curve_3pool: cap 30000, net APY signal 8.14%, 48h-liquid; Ethena_USDe: cap 20000, net APY signal 9.24%, term/slow-exit; GMX_GLP: cap 30000, net APY signal 10.34%, term/slow-exit; a fifth uncapped-looking venue has lower net APY and enters a redemption queue above $10,000. A public allocator that exceeds a fragile venue threshold is queued behind mercenary withdrawals. At least half the capital must be liquid inside 48 hours, and no allocation may use a tier that enters the adversarial queue. Maximize risk-adjusted 90-day dollars from the listed opportunity set. Output JSON fields: intent, chosen_strategy, allocation_usd, expected_net_apy_pct, expected_90d_profit_usd, liquidity_48h_usd.",mistralai/mistral-small-2603,2,1,0|1|1,0.556|0.778|0.778,0.704,0.778,2277
