question_id,model,score,confidence,model_expected_value,failure_reasons,duration_ms,raw_excerpt
L10-002,meta-llama/llama-4-maverick,1.000,1.00,1890000,,3676,"{""intent"": ""hedge"", ""order_type"": ""market"", ""asset"": ""BTC"", ""size"": 35000000, ""unit"": ""usd"", ""venue"": ""binance"", ""risk_controls"": {""slippage_tolerance"": 0.005}, ""reasoning"": ""hedge $35M oracle-sensitive exposure"", ""expected_value"": 1890000}"
L10-003,meta-llama/llama-4-scout,1.000,1.00,0.15,,1078,"{ ""intent"": ""execute_trade"", ""order_type"": ""private_relay"", ""asset"": ""ETH"", ""size"": 10000000, ""unit"": ""usd"", ""venue"": ""flashbots"", ""venue_name"": ""Flashbots private relay"", ""risk_controls"": { ""max_gas"": 30 }, ""follow_up"": ""monitor transaction"", ""reasoning"": ""Selected Flashbots for its 90% success rate, 0.15% fee, and sub-one-block latency. This meets the 97% success target w"
L10-005,meta-llama/llama-3.3-70b-instruct,0.700,1.00,4150000,,2269,"{ ""intent"": ""sell"", ""expected_value"": 4150000, ""reasoning"": ""TWAP execution across Binance and Uniswap, selling 300,000 ALT on Binance at $8.20 and 200,000 ALT on Uniswap with 2.0% impact"" }"
L10-005,meta-llama/llama-4-scout,1.000,1.00,3996000,,739,"{ ""intent"": ""sell"", ""order_type"": ""TWAP"", ""asset"": ""ALT"", ""size"": 500000, ""unit"": ""usd"", ""price"": 8.20, ""venue"": ""multi-venue"", ""risk_controls"": { ""slippage_tolerance"": 2.0 }, ""follow_up"": ""monitor execution"", ""reasoning"": ""Sold 300,000 ALT on Binance with 0.8% fee and 200,000 ALT on Uniswap with 2.0% impact"", ""requires_follow_up"": true, ""follow_up_description"": ""Verify"
L10-008,meta-llama/llama-3.3-70b-instruct,1.000,1.00,47500000,,3520,"{ ""intent"": ""sell GOV and exit LP"", ""expected_value"": 47500000, ""reasoning"": ""sell $31,250,000 GOV over 14 days with 20% price impact, exit $5,000,000 LP with 2% impermanent loss, resulting in 39.99% GOV and 50.01% stables exposure"" }"
L10-008,meta-llama/llama-4-scout,0.700,1.00,49200000,,2921,"{ ""intent"": ""sell"", ""order_type"": ""limit"", ""asset"": ""GOV"", ""size"": 8000000, ""unit"": ""usd"", ""venue"": ""market"", ""risk_controls"": { ""slippage_tolerance"": ""20%"" }, ""expected_value"": 49200000, ""reasoning"": ""Sold $8,000,000 GOV over 14 days, $571,429 per day, 20% impact modeled as execution slippage. Resulting GOV exposure 39.999%, stables 50.001%. Final treasury $49,200,000."" }"
L10-012,meta-llama/llama-3.3-70b-instruct,1.000,1.00,54000,,4321,"{ ""intent"": ""rebalance"", ""order_type"": ""optimization"", ""asset"": ""BTC"", ""size"": 32, ""unit"": ""btc"", ""venue"": ""lightning"", ""risk_controls"": { ""position_size_limit"": 60 }, ""expected_value"": 54000, ""reasoning"": ""doubling monthly volume to $36,000,000 at 0.15% fee rate"" }"
L10-013,meta-llama/llama-3.1-8b-instruct,1.000,1.00,0.017,,1253,"{ ""intent"": ""consolidate"", ""expected_value"": 0.017, ""reasoning"": ""Consolidate 2,200 smallest UTXOs into 120 equal-sized outputs across 3 low-fee windows, preserving liquidity and privacy."" }"
L10-016,meta-llama/llama-3.3-70b-instruct,1.000,1.00,0.55,,3156,"{ ""intent"": ""swap"", ""order_type"": ""dex"", ""asset"": ""USDC"", ""size"": 2000000, ""unit"": ""usd"", ""price"": ""pool spot"", ""venue"": ""jupiter"", ""venue_name"": ""solana"", ""risk_controls"": { ""slippage_tolerance"": ""0.6%"", ""max_gas"": ""30 gwei"" }, ""follow_up"": ""monitor pool depth"", ""reasoning"": ""Hybrid approach combining private RPC and splitting into micro-swaps to minimize MEV extra"
L10-016,meta-llama/llama-3.1-8b-instruct,1.000,1.00,0.55,,2098,"{ ""intent"": ""swap"", ""expected_value"": 0.55, ""reasoning"": ""Hybrid strategy: 90% success, 0.55% expected cost, combining private RPC and splitting to meet constraints"" }"
L10-017,meta-llama/llama-4-maverick,1.000,1.00,15,,2458,"{""intent"": ""upgrade"", ""order_type"": ""validator_upgrade"", ""asset"": ""SOL"", ""size"": 500000, ""unit"": ""sol"", ""venue"": ""solana"", ""venue_name"": ""solana_mainnet"", ""risk_controls"": {""slippage_tolerance"": 0, ""max_gas"": 0, ""position_size_limit"": 0}, ""follow_up"": ""monitor_performance"", ""reasoning"": ""Three-phase plan: 1) Hardware refresh ($50,000) to reach 93-95% performance. 2) Add Jito MEV ($15,000 setup) fo"
L10-019,meta-llama/llama-3.1-8b-instruct,1.000,1.00,9.32,,1636,"{ ""intent"": ""optimize"", ""expected_value"": 9.32, ""reasoning"": ""Optimized allocation: Maker 20%, Fluid 40%, Pendle 20%, Ethena 20%. Risk-adjusted APR: 9.32%"" }"
L10-020,meta-llama/llama-3.3-70b-instruct,1.000,1.00,1200000,,3759,"{ ""intent"": ""mitigate oracle deviation risk"", ""order_type"": ""market"", ""asset"": ""ETH"", ""size"": 25000000, ""unit"": ""usd"", ""venue"": ""uniswap"", ""risk_controls"": { ""slippage_tolerance"": ""1%"", ""max_gas"": ""40 gwei"" }, ""follow_up"": ""monitor oracle correction"", ""reasoning"": ""sell 25,000,000 USD of ETH to reduce oracle-sensitive exposure"", ""expected_value"": 1200000, ""requires_"
L10-024,meta-llama/llama-3.1-8b-instruct,1.000,1.00,18000,,1146,"{ ""intent"": ""hedge"", ""expected_value"": 18000, ""reasoning"": ""Immediate hedge on Binance minimizes expected cost, ignoring gas and other factors"" }"
L10-026,meta-llama/llama-4-scout,1.000,1.00,4080000,,3583,"{ ""intent"": ""sell"", ""order_type"": ""TWAP"", ""asset"": ""TOKEN"", ""size"": 1200000, ""unit"": ""TOKEN"", ""venue"": ""Coinbase"", ""venue_name"": ""Coinbase"", ""risk_controls"": {}, ""follow_up"": """", ""reasoning"": ""Sold 700k TOKEN via Coinbase TWAP at 0.45% fee and 500k TOKEN via Camelot at 1.20% impact"", ""requires_follow_up"": false, ""follow_up_description"": """", ""expected_value"": 4080000 }"
L10-026,meta-llama/llama-3.1-8b-instruct,1.000,1.00,4080000,,1967,"{ ""intent"": ""sell"", ""expected_value"": 4080000, ""reasoning"": ""Sell 700,000 TOKEN on Coinbase through TWAP slices with 0.45% fee and 500,000 TOKEN on Arbitrum through Camelot with 1.20% all-in price impact"" }"
L10-027,meta-llama/llama-3.3-70b-instruct,1.000,1.00,3125000,,1685,"{ ""intent"": ""buy"", ""expected_value"": 3125000.0, ""reasoning"": ""Buy 160000 RWA on Kraken with $2,000,000 USDC at $12.50 + 0.60% fee, then buy 90000 RWA on Base through Aerodrome at $12.50 + 1.40% all-in price impact"" }"
L10-027,meta-llama/llama-3.1-8b-instruct,1.000,1.00,3125000,,2582,"{ ""intent"": ""buy"", ""expected_value"": 3125000, ""reasoning"": ""Buy 200,000 RWA on Kraken at $12.50 + 0.60% fee, then buy 50,000 RWA on Base through Aerodrome at $12.50 + 1.40% all-in price impact"" }"
L10-029,meta-llama/llama-3.1-8b-instruct,1.000,1.00,1200000,,2233,"{ ""intent"": ""convert"", ""expected_value"": 1200000, ""reasoning"": ""Convert to FXTL at time zero to capture the probability-weighted price move, as the expected reward from veFXS bribes is lower than the expected FXTL price move."" }"
L10-030,meta-llama/llama-4-scout,1.000,1.00,11523.45,,1625,"{ ""intent"": ""bridge"", ""expected_value"": 11523.45, ""reasoning"": ""Allocated $5,000,000 to Stargate, Hyperlane, and Celer for bridging USDT from BNB Chain to Ethereum mainnet, prioritizing positive-EV bridges up to capacity."" }"
L10-031,meta-llama/llama-3.3-70b-instruct,0.700,0.80,30000000,,4977,"```json { ""intent"": ""sell GOV and rebalance treasury"", ""expected_value"": 30000000, ""reasoning"": ""sell minimum GOV to meet 35% exposure limit, exit ETH LP with 1.5% impermanent loss, and rebalance to meet stables above 55% requirement"" } ```"
L10-032,meta-llama/llama-3.3-70b-instruct,0.700,0.80,75000000,,3918,"```json { ""intent"": ""sell GOV and rebalance treasury"", ""expected_value"": 75000000, ""reasoning"": ""sell minimum GOV to meet 30% exposure limit, exit ETH LP with 3% impermanent loss, and rebalance to 60% stables"" } ```"
L10-034,meta-llama/llama-3.3-70b-instruct,0.700,1.00,146079.2,,1455,"{ ""intent"": ""select_bundle"", ""expected_value"": 146079.2, ""reasoning"": ""Greedy algorithm selecting opportunities by value-to-gas ratio, excluding toxic frontrun, until gas limit reached"" }"
L10-035,meta-llama/llama-4-scout,0.700,1.00,202.5,,4165,"{ ""intent"": ""execute"", ""order_type"": ""gas_timed"", ""asset"": ""ETH"", ""size"": 15, ""unit"": ""transactions"", ""price"": 3200, ""venue"": ""mainnet"", ""risk_controls"": { ""max_gas"": 18 }, ""follow_up"": ""monitor gas prices"", ""reasoning"": ""Executing 15 transactions in the Low scenario with 250,000 gas each at 18 gwei"", ""requires_follow_up"": true, ""follow_up_description"": ""Verify all tr"
L10-036,meta-llama/llama-4-scout,1.000,1.00,207.36,,2335,"{ ""intent"": ""execute eight transactions in Low scenario"", ""expected_value"": 207.36, ""reasoning"": ""8 transactions * 300,000 gas/transaction * 45 gwei/gas * 1e-9 ETH/gwei * $2800/ETH"" }"
L10-037,meta-llama/llama-4-maverick,1.000,1.00,20.33,,2238,"{""intent"": ""rebalance"", ""order_type"": ""multi-leg"", ""asset"": ""ETH"", ""size"": ""4000000"", ""unit"": ""usd"", ""venue"": ""multi-venue"", ""venue_name"": ""spot, cme, perp, options"", ""risk_controls"": {""position_size_limit"": ""4000000""}, ""expected_value"": 20.33, ""reasoning"": ""35% spot ETH (+28% = +9.8%), 30% CME basis (+2.4% = +0.72%), 20% perp funding (+11%/365*60 = +1.81%), 15% options (+55% = +8.25%); weighted s"
L10-039,meta-llama/llama-4-maverick,1.000,1.00,36400,,1802,"{ ""intent"": ""rebalance and optimize"", ""order_type"": ""channel management"", ""asset"": ""BTC"", ""size"": ""34"", ""unit"": ""channels"", ""venue"": ""lightning network"", ""risk_controls"": { ""position_size_limit"": 55, ""max_gas"": 30 }, ""follow_up"": ""monitor payment success rate"", ""reasoning"": ""added 17 channels to reach 95% payment success, rebalanced 12 BTC to address inbound imbalance, "
L10-040,meta-llama/llama-3.3-70b-instruct,1.000,1.00,49500,,1004,"{ ""intent"": ""optimize_routing"", ""expected_value"": 49500, ""reasoning"": ""increased fill success and routed volume"" }"
L10-040,meta-llama/llama-4-maverick,1.000,1.00,49500,,1825,"{""intent"": ""rebalance"", ""order_type"": ""cross-rollup"", ""asset"": ""USDC"", ""size"": ""900000"", ""unit"": ""usd"", ""venue"": ""arbitrum,base,optimism"", ""venue_name"": ""arbitrum-one,base-mainnet,optimism-mainnet"", ""risk_controls"": {""position_size_limit"": ""600000""}, ""follow_up"": ""monitor fill success"", ""reasoning"": ""scale RFQ flow and solver integrations to reach $45M monthly volume, rebalance inventory across ro"
L10-040,meta-llama/llama-4-scout,1.000,1.00,49500,,4685,"{ ""intent"": ""scale stablecoin routing desk"", ""order_type"": ""routing"", ""asset"": ""USDC"", ""size"": 3000000, ""unit"": ""usd"", ""venue"": ""cross-rollup"", ""venue_name"": ""Arbitrum, Base, Optimism"", ""risk_controls"": { ""slippage_tolerance"": ""0.5%"", ""position_size_limit"": ""20% of total inventory"" }, ""follow_up"": ""monitor inventory levels"", ""reasoning"": ""scale routing desk to $45,000"
L10-045,meta-llama/llama-3.3-70b-instruct,1.000,1.00,0.37,,3526,"{ ""intent"": ""swap"", ""order_type"": ""dex"", ""asset"": ""ETH"", ""size"": 5000000, ""unit"": ""usd"", ""price"": ""pool spot"", ""venue"": ""dex"", ""venue_name"": ""uniswap"", ""risk_controls"": { ""slippage_tolerance"": ""0.50%"", ""max_gas"": ""30 gwei"" }, ""follow_up"": ""monitor pool depth"", ""reasoning"": ""Hybrid approach with 25 child orders of $200,000 each, routed through private solver/RPC path"
L10-045,meta-llama/llama-4-scout,1.000,1.00,0.37,,4251,"{ ""intent"": ""swap"", ""order_type"": ""hybrid"", ""asset"": ""ETH"", ""size"": 5000000, ""unit"": ""usdc"", ""venue"": ""ethereum mainnet"", ""venue_name"": ""hybrid private solver and rpc path"", ""risk_controls"": { ""slippage_tolerance"": 0.50 }, ""follow_up"": ""monitor execution"", ""reasoning"": ""Hybrid approach meets constraints"", ""requires_follow_up"": true, ""follow_up_description"": ""Verify ex"
L10-045,meta-llama/llama-3.1-8b-instruct,1.000,1.00,0.37,,1982,"{ ""intent"": ""swap"", ""expected_value"": 0.37, ""reasoning"": ""Hybrid strategy with 93% success probability and 0.37% expected total cost, combining 25 child orders of $200,000 each with private solver/RPC routing and residual adverse-selection cost."" }"
L10-046,meta-llama/llama-3.3-70b-instruct,1.000,1.00,0.35,,1849,"{ ""intent"": ""swap"", ""order_type"": ""dex"", ""asset"": ""USDC"", ""size"": 3000000, ""unit"": ""usd"", ""price"": ""pool spot"", ""venue"": ""arbitrum"", ""venue_name"": ""arbitrum dex"", ""risk_controls"": { ""slippage_tolerance"": ""0.45%"", ""max_gas"": ""30 gwei"" }, ""follow_up"": ""monitor pool depth"", ""reasoning"": ""hybrid approach with 92% success probability and 0.35% expected total cost"", ""re"
L10-046,meta-llama/llama-4-maverick,1.000,1.00,0.35,,2423,"{ ""intent"": ""swap"", ""order_type"": ""dex"", ""asset"": ""ARB"", ""size"": 3000000, ""unit"": ""USDC"", ""price"": ""pool spot"", ""venue"": ""arbitrum"", ""venue_name"": ""uniswap"", ""risk_controls"": { ""slippage_tolerance"": 0.45, ""max_gas"": 30 }, ""follow_up"": ""monitor pool depth"", ""reasoning"": ""Hybrid strategy: split into 15 child orders of $200,000 and submit through private solver/RPC rou"
L10-046,meta-llama/llama-4-scout,1.000,1.00,0.35,,4637,"{ ""intent"": ""swap"", ""order_type"": ""hybrid"", ""asset"": ""ARB"", ""size"": 3000000, ""unit"": ""USDC"", ""venue"": ""arbitrum"", ""venue_name"": ""arbitrum dex"", ""risk_controls"": {}, ""follow_up"": """", ""reasoning"": ""Hybrid approach with 15 child orders of $200,000 each submitted through a private solver/RPC route, achieving 92% protected-completion probability and 0.35% expected total cost."", ""r"
L10-046,meta-llama/llama-3.1-8b-instruct,1.000,1.00,0.35,,912,"{ ""intent"": ""swap"", ""expected_value"": 0.35, ""reasoning"": ""Hybrid strategy with 92% success probability and 0.35% expected total cost"" }"
L10-047,meta-llama/llama-4-maverick,1.000,1.00,15,,2792,"{""intent"": ""upgrade"", ""order_type"": ""validator_upgrade"", ""asset"": ""ETH"", ""size"": ""38400"", ""unit"": ""eth"", ""venue"": ""ethereum_mainnet"", ""venue_name"": ""Ethereum Mainnet"", ""risk_controls"": {""slippage_tolerance"": 0, ""max_gas"": 30}, ""follow_up"": ""monitor_uptime"", ""reasoning"": ""Three-phase plan: 1) Implement relay diversity automation ($40,000) and MEV-Boost tuning ($10,000); 2) Implement DVT failover cl"
L10-047,meta-llama/llama-3.1-8b-instruct,1.000,1.00,15,,2041,"{ ""intent"": ""upgrade"", ""expected_value"": 15.0, ""reasoning"": ""Upgrade plan: relay diversity automation ($40,000), DVT failover cluster ($55,000), and MEV-Boost tuning ($10,000) for a total of $105,000, adding $9,450 and $6,300 to six-month net profit, respectively, for a total of $15,750 incremental profit, yielding a 15.0% ROI."" }"
L10-048,meta-llama/llama-4-maverick,1.000,1.00,15,,9097,"{ ""intent"": ""optimize"", ""order_type"": ""validator_upgrade"", ""asset"": ""ATOM"", ""size"": ""8000000"", ""unit"": ""atom"", ""price"": ""9"", ""venue"": ""cosmos_hub"", ""venue_name"": ""cosmos"", ""risk_controls"": { ""slippage_tolerance"": ""0"", ""position_size_limit"": ""8000000"" }, ""follow_up"": ""monitor_uptime"", ""reasoning"": ""Three-phase plan: 1) Deploy Horcrux ($32,000), 2) Add distributed sen"
L10-048,meta-llama/llama-3.1-8b-instruct,1.000,1.00,15,,2141,"{ ""intent"": ""optimize"", ""expected_value"": 15.0, ""reasoning"": ""Restore uptime with sentry nodes and Horcrux signer, then add Skip MEV for incremental profit"" }"
L10-049,meta-llama/llama-3.3-70b-instruct,0.700,1.00,10.92,,3011,"{ ""intent"": ""allocate"", ""expected_value"": 10.92, ""reasoning"": ""Optimized allocation: Tokenized Treasury repo (20%), FraxBP LP (30%), Ethena sUSDe lock (20%), Maple senior loan (30%); risk-adjusted yield calculated by subtracting probability times severity from each venue's APR"" }"
L10-049,meta-llama/llama-4-scout,1.000,1.00,11.4,,792,"{ ""intent"": ""allocate"", ""expected_value"": 11.4, ""reasoning"": ""Optimized allocation: 30% Tokenized Treasury repo (5.4% APR), 30% FraxBP LP (9.8% APR), 20% Maple senior loan (13.0% APR), 20% Ethena sUSDe lock (16.5% APR); balances risk and return within constraints."" }"
L10-049,meta-llama/llama-3.1-8b-instruct,1.000,1.00,11.32,,2293,"{ ""intent"": ""allocate"", ""expected_value"": 11.32, ""reasoning"": ""Maximize risk-adjusted annualized yield by allocating 25% to Tokenized Treasury repo, 20% to FraxBP LP, 20% to Maple senior loan, and 35% to Ethena sUSDe lock, while satisfying all constraints."" }"
L10-056,meta-llama/llama-3.1-8b-instruct,0.700,1.00,8.32,,3966,"{ ""intent"": ""allocate"", ""expected_value"": 8.32, ""reasoning"": ""Native staking: 35% ($8,750,000), AVS A: 30% ($7,500,000), AVS B: 20% ($5,000,000), AVS C: 15% ($3,750,000)"" }"
L10-059,meta-llama/llama-3.3-70b-instruct,1.000,1.00,31907916,,1112,"{ ""intent"": ""rebalance"", ""expected_value"": 31907916.0, ""reasoning"": ""calculated costs of selling and buying assets to reach target basket"" }"
L10-059,meta-llama/llama-4-scout,1.000,1.00,32000000,,3780,"{ ""intent"": ""rebalance"", ""expected_value"": 32000000, ""reasoning"": ""Calculated target basket values: USDC $9600000, DAI $9600000, FRAX $4800000, tokenized T-bills $8000000. Applied execution costs: USDC -0.05% $4800, DAI -0.08% $7680, FRAX -0.35% $16800, TUSD -2.20% $105600, tokenized T-bills 0.02% $1600. Final costs $177680. Resulting basket value $32,000,000 - $177,680 = $31,822,320."" }"
L10-059,meta-llama/llama-3.1-8b-instruct,1.000,1.00,32000000,,2047,"{ ""intent"": ""rebalance"", ""expected_value"": 32000000, ""reasoning"": ""Rebalanced basket to target allocation with execution costs applied"" }"
L10-063,meta-llama/llama-3.3-70b-instruct,0.700,1.00,7682431.2,,2395,"{ ""intent"": ""sell"", ""expected_value"": 7682431.2, ""reasoning"": ""TWAP execution with lit-market participation capped at 12% per hour, residual sold via dark-pool block at 2.10% haircut"" }"
L10-063,meta-llama/llama-4-maverick,0.700,1.00,7505280,,1501,"{""intent"": ""sell"", ""order_type"": ""twap"", ""asset"": ""XYZ"", ""size"": 1200000, ""unit"": ""xyz"", ""price"": 6.40, ""venue"": ""lit"", ""venue_name"": ""multiplex"", ""risk_controls"": {""slippage_tolerance"": 0.005, ""max_gas"": 40}, ""follow_up"": ""dark block"", ""reasoning"": ""12% lit cap, lit impact 0.45%*(0.12/0.1)^2, dark haircut 2.10%"", ""expected_value"": 7505280, ""requires_follow_up"": true, ""follow_up_description"": ""cro"
L10-063,meta-llama/llama-4-scout,1.000,0.60,7660800,,1949," ""intent"": ""sell"", ""expected_value"": 7660800, ing"": ""Calculated by applying 12% lit and 0.45% impact hour, then adding dark-pool for unsold amount."" }"
L10-063,meta-llama/llama-3.1-8b-instruct,1.000,1.00,7632000,,2218,"{ ""intent"": ""sell"", ""expected_value"": 7632000.0, ""reasoning"": ""Lit capacity used in 5 hours, 800,000 XYZ in dark pool. 12% participation, 0.45% impact cost, 2.10% dark pool haircut."" }"
L10-069,meta-llama/llama-4-scout,0.700,1.00,26666666.67,,1457,"{ ""intent"": ""reduce crypto sleeve"", ""expected_value"": 26666666.67, ""reasoning"": ""Computed portfolio volatility with given weights and reduced pro rata to meet 3.20% target"" }"
