question_id,model,pass,score,confidence,pass_models_for_question,pass_count_for_question,failure_reasons,raw_excerpt
AGI-015,meta-llama/llama-4-maverick,0,0.923,0.99,,0,agi_validation_failed:intent|agi_validation_failed:effective_price,"{""intent"": ""swap"", ""order_type"": ""complex"", ""asset"": ""ETH"", ""size"": ""2000000"", ""unit"": ""USDC"", ""venue"": ""multi-venue"", ""venue_name"": ""various"", ""risk_controls"": {""slippage_tolerance"": ""0.5%""}, ""chosen_strategy"": ""capacity_capped_best_execution"", ""venue_allocation_usd"": {""Velodrome_Optimism"": ""400000"", ""Uniswap_Arbitrum"": ""400000"", ""Curve_ETH"": ""400000"", ""Kraken"": ""500000"", ""Binance"": ""300000""}, ""expected_eth_received"": ""665.11"", ""effective_price"": ""3006.91"", ""reasoning"": ""Allocated to multiple venues to minimize cost and avoid repricing: Velodrome Optimism ($400k), Uniswap Arbitrum ($400k), Curve ETH ($400k), Kraken ($500k), and Binance ($300k).""}"
AGI-015,meta-llama/llama-4-scout,0,0.885,0.96,,0,agi_validation_failed:intent|agi_validation_failed:venue_allocation_usd.Binance|agi_validation_failed:effective_price,"{ ""intent"": ""buy"", ""chosen_strategy"": ""capacity_capped_best_execution"", ""venue_allocation_usd"": { ""Velodrome_Optimism"": 400000, ""Uniswap_Arbitrum"": 400000, ""Kraken"": 500000, ""Curve_ETH"": 400000, ""Binance"": 600000 }, ""expected_eth_received"": 665.56, ""effective_price"": 3003.91, ""reasoning"": ""Allocated to venues with sufficient capacity and lowest cost, prioritizing Kraken and Binance for their taker fees and capacity, supplemented by DEX venues."" }"
AGI-006,meta-llama/llama-3.3-70b-instruct,0,0.824,0.77,,0,agi_validation_failed:intent|agi_validation_failed:price_band|agi_validation_failed:expected_avg_price,"```json { ""intent"": ""buy"", ""order_type"": ""algorithmic"", ""asset"": ""BTC"", ""size"": 500, ""venue"": ""exchange"", ""risk_controls"": { ""slippage_tolerance"": ""1%"" }, ""chosen_strategy"": ""reactive_iceberg_limits"", ""price_band"": ""$58,520-$58,560"", ""child_order_btc"": 40, ""repricing_interval_sec"": 45, ""expected_avg_price"": 58540, ""reasoning"": ""minimize adverse selection with hidden iceberg orders and adaptive repricing"" } ```"
AGI-006,meta-llama/llama-4-scout,0,0.824,0.96,,0,agi_validation_failed:intent|agi_validation_failed:price_band|agi_validation_failed:expected_avg_price,"{ ""intent"": ""buy"", ""chosen_strategy"": ""reactive_iceberg_limits"", ""price_band"": ""$58,520-$58,580"", ""child_order_btc"": 40, ""repricing_interval_sec"": 45, ""expected_avg_price"": 58540, ""reasoning"": ""To minimize adverse selection from the toxicity classifier, we choose reactive iceberg limits with child orders of 40 BTC, repricing every 45 seconds to adapt to market dynamics and avoid detection of larger orders."" }"
AGI-006,meta-llama/llama-4-maverick,0,0.765,0.96,,0,agi_validation_failed:intent|agi_validation_failed:price_band|agi_validation_failed:child_order_btc|agi_validation_failed:expected_avg_price,"{""intent"": ""buy"", ""order_type"": ""reactive_iceberg_limits"", ""asset"": ""BTC"", ""size"": 500, ""unit"": ""btc"", ""venue"": ""exchange"", ""risk_controls"": {""slippage_tolerance"": 0.005}, ""chosen_strategy"": ""reactive_iceberg_limits"", ""price_band"": ""$58,530 - $58,560"", ""child_order_btc"": 20, ""repricing_interval_sec"": 45, ""expected_avg_price"": ""$58,542"", ""reasoning"": ""Using iceberg orders to avoid detection, repricing every 45 seconds to stay competitive, and staying within a tight price band to minimize slippage.""}"
AGI-004,meta-llama/llama-3.3-70b-instruct,0,0.731,0.91,,0,agi_validation_failed:intent|agi_validation_failed:allocation_usd.Aave_USDC|agi_validation_failed:allocation_usd.Ethena_USDe|agi_validation_failed:allocation_usd.GMX_GLP|agi_validation_failed:expected_net_apy_pct|agi_validation_failed:expected_90d_profit_usd|agi_validation_failed:liquidity_48h_usd,"{ ""intent"": ""allocate"", ""chosen_strategy"": ""liquid_barbell_capped_tail"", ""allocation_usd"": { ""Aave_USDC"": 30000, ""Curve_3pool"": 30000, ""Ethena_USDe"": 0, ""GMX_GLP"": 0, ""Pendle_PT-stETH"": 40000 }, ""expected_net_apy_pct"": 5.93, ""expected_90d_profit_usd"": 1482.5, ""liquidity_48h_usd"": 60000, ""reasoning"": ""Maximize risk-adjusted 90-day dollars by allocating $30,000 to Aave USDC and Curve 3pool for high liquidity and $40,000 to Pendle PT-stETH for fixed APY, avoiding adversarial queues and imbalance fees."" }"
AGI-004,meta-llama/llama-4-maverick,0,0.731,0.91,,0,agi_validation_failed:intent|agi_validation_failed:allocation_usd.Aave_USDC|agi_validation_failed:allocation_usd.Ethena_USDe|agi_validation_failed:allocation_usd.GMX_GLP|agi_validation_failed:expected_net_apy_pct|agi_validation_failed:expected_90d_profit_usd|agi_validation_failed:liquidity_48h_usd,"{ ""intent"": ""allocate"", ""order_type"": ""strategy"", ""asset"": ""USD"", ""size"": ""100000"", ""unit"": ""usd"", ""venue"": ""yield_venues"", ""venue_name"": ""multiple"", ""risk_controls"": { ""position_size_limit"": ""30000"" }, ""follow_up"": ""monitor_liquidity"", ""reasoning"": ""Optimized allocation across venues to maximize risk-adjusted returns while maintaining liquidity and avoiding excessive exposure to any single venue's risks."", ""chosen_strategy"": ""liquid_barbell_capped_tail"", ""allocation_usd"": { ""Aave_USDC"": 50000, ""Curve_3pool"": 30000, ""Ethena_USDe"": 0, ""Pendle_PT-stETH"": 0, ""GMX_GLP"": 20000 }, ""expected_net_apy_pct"": 6.53, ""expected_90d_profit_usd"": 1610."
AGI-004,meta-llama/llama-4-scout,0,0.731,0.91,,0,agi_validation_failed:intent|agi_validation_failed:allocation_usd.Aave_USDC|agi_validation_failed:allocation_usd.Ethena_USDe|agi_validation_failed:allocation_usd.GMX_GLP|agi_validation_failed:expected_net_apy_pct|agi_validation_failed:expected_90d_profit_usd|agi_validation_failed:liquidity_48h_usd,"{ ""intent"": ""allocate"", ""chosen_strategy"": ""liquid_barbell_capped_tail"", ""allocation_usd"": { ""Aave_USDC"": 50000, ""Curve_3pool"": 30000, ""Pendle_PT-stETH"": 20000, ""GMX_GLP"": 0, ""Ethena_USDe"": 0 }, ""expected_net_apy_pct"": 6.84, ""expected_90d_profit_usd"": 6156, ""liquidity_48h_usd"": 80000, ""reasoning"": ""Maximize liquidity and APY while capping tail risk"" }"
AGI-004,meta-llama/llama-3.1-8b-instruct,0,0.731,0.91,,0,agi_validation_failed:intent|agi_validation_failed:allocation_usd.Curve_3pool|agi_validation_failed:allocation_usd.Aave_USDC|agi_validation_failed:allocation_usd.Ethena_USDe|agi_validation_failed:allocation_usd.GMX_GLP|agi_validation_failed:expected_net_apy_pct|agi_validation_failed:expected_90d_profit_usd,"{ ""intent"": ""allocate"", ""chosen_strategy"": ""liquid_barbell_capped_tail"", ""allocation_usd"": { ""Aave_USDC"": 30000, ""Curve_3pool"": 20000, ""Ethena_USDe"": 50000, ""GMX_GLP"": 0 }, ""expected_net_apy_pct"": 12.5, ""expected_90d_profit_usd"": 123456.78, ""liquidity_48h_usd"": 50000, ""reasoning"": ""Allocate $30,000 to Aave USDC and $20,000 to Curve 3pool for a 4.2% and 8.1% APY respectively, while allocating $50,000 to Ethena USDe for a 15.2% APY, avoiding the adversarial queue and maximizing risk-adjusted 90-day dollars."" }"
AGI-063,meta-llama/llama-3.3-70b-instruct,0,0.727,0.77,,0,agi_validation_failed:intent|agi_validation_failed:chosen_strategy|agi_validation_failed:self_check,"{ ""intent"": ""convert"", ""order_type"": ""market"", ""asset"": ""ETH"", ""size"": ""2000000"", ""unit"": ""usd"", ""venue"": ""multiple"", ""risk_controls"": { ""slippage_tolerance"": ""1%"" }, ""follow_up"": ""monitor fill"", ""reasoning"": ""route optimization for $2,000,000 USDC to ETH conversion"", ""chosen_strategy"": ""multi-venue execution"", ""venue_allocation_usd"": { ""Kraken"": 500000, ""Uniswap_Arbitrum"": 450000, ""Curve_ETH"": 400000, ""Binance"": 350000, ""Velodrome_Optimism"": 300000 }, ""largest_visible_clip_usd"": 500000, ""expected_asset_received"": 665.45, ""effective_price"": 3003.92, ""self_check"": true }"
AGI-065,meta-llama/llama-3.3-70b-instruct,0,0.727,0.62,,0,agi_validation_failed:intent|agi_validation_failed:chosen_strategy|agi_validation_failed:self_check,"```json { ""intent"": ""convert"", ""order_type"": ""multi-venue"", ""asset"": ""SOL"", ""size"": 2000000, ""unit"": ""usd"", ""venue"": ""multi"", ""risk_controls"": { ""slippage_tolerance"": ""1%"", ""max_gas"": ""auto"" }, ""follow_up"": ""monitor fill"", ""reasoning"": ""multi-venue execution to minimize slippage"", ""requires_follow_up"": true, ""follow_up_description"": ""check for completion and potential repricing"", ""chosen_strategy"": ""multi-venue acquisition"", ""venue_allocation_usd"": { ""Binance"": 550000, ""Jupiter_Solana"": 450000, ""Uniswap_Arbitrum"": 350000, ""OTC_Circle"": 350000, ""Coinbase"": 300000 }, ""largest_visible_clip_usd"": 550000, ""expected_asset_received"": 133"
AGI-088,meta-llama/llama-4-maverick,0,0.727,0.77,,0,agi_validation_failed:intent|agi_validation_failed:chosen_strategy|agi_validation_failed:self_check,"{""intent"": ""buy"", ""order_type"": ""custom"", ""asset"": ""KAP"", ""size"": ""120000"", ""venue"": ""multiple"", ""risk_controls"": {}, ""chosen_strategy"": ""multi-venue"", ""execution_sequence"": [""Internalizer"", ""Dark_RFQ"", ""CEX_Y"", ""hidden_public""], ""venue_fills"": {""Internalizer"": 42000, ""Dark_RFQ"": 35000, ""CEX_Y"": 30000, ""hidden_public"": 13000}, ""hidden_public_qty"": 13000, ""expected_avg_price"": 4.928, ""expected_slippage_pct"": 0.366942, ""self_check"": true, ""reasoning"": ""Optimized multi-venue strategy to minimize footprint and slippage""}"
AGI-062,meta-llama/llama-3.3-70b-instruct,0,0.692,0.73,,0,agi_validation_failed:intent|agi_validation_failed:chosen_strategy|agi_validation_failed:pnl_30d_usd|agi_validation_failed:self_check,"{ ""intent"": ""build delta-neutral ladder"", ""chosen_strategy"": ""diversified short allocation"", ""perp_short_allocation_usd"": { ""Binance"": 180000, ""OKX"": 100000, ""Bybit"": 90000, ""Hyperliquid"": 80000, ""dYdX"": 50000 }, ""leverage"": 1, ""apr_pct"": 24.4, ""pnl_30d_usd"": 30375, ""cascade_buffer_pct"": 20, ""survives_cascade"": true, ""self_check"": true, ""reasoning"": ""allocated to venues based on resilient capacity and net carry signal, ensuring delta-neutrality and minimizing risk of forced deleveraging"" }"
AGI-015,meta-llama/llama-3.1-8b-instruct,0,0.692,1.00,,0,agi_validation_failed:intent|agi_validation_failed:venue_allocation_usd.Velodrome_Optimism|agi_validation_failed:venue_allocation_usd.Uniswap_Arbitrum|agi_validation_failed:venue_allocation_usd.Kraken|agi_validation_failed:venue_allocation_usd.Curve_ETH|agi_validation_failed:venue_allocation_usd.Binance|agi_validation_failed:expected_eth_received|agi_validation_failed:effective_price,"{ ""intent"": ""swap"", ""chosen_strategy"": ""capacity_capped_best_execution"", ""venue_allocation_usd"": { ""Velodrome_Optimism"": 0, ""Uniswap_Arbitrum"": 2000000, ""Kraken"": 0, ""Curve_ETH"": 0, ""Binance"": 0 }, ""expected_eth_received"": 666.67, ""effective_price"": 3002.5, ""reasoning"": ""Route via Uniswap Arbitrum for lowest acquisition cost within 90-minute window"" }"
AGI-030,meta-llama/llama-4-maverick,0,0.636,0.68,,0,agi_validation_failed:intent|agi_validation_failed:chosen_strategy,"{""intent"": ""allocate"", ""chosen_strategy"": ""diversified liquid venues"", ""allocation_usd"": {""Aave_USDC"": 20000, ""Curve_3pool"": 30000, ""Ethena_USDe"": 20000, ""GMX_GLP"": 30000}, ""expected_net_apy_pct"": 8.69, ""expected_90d_profit_usd"": 2140.27, ""liquidity_48h_usd"": 50000, ""reasoning"": ""Allocated to liquid venues with balanced APY and liquidity""}"
AGI-092,meta-llama/llama-4-maverick,0,0.636,0.68,,0,agi_validation_failed:intent|agi_validation_failed:chosen_strategy,"{""intent"": ""allocate"", ""chosen_strategy"": ""diversified liquid venues"", ""allocation_usd"": {""Aave_USDC"": 20000, ""Curve_3pool"": 30000, ""Ethena_USDe"": 20000, ""GMX_GLP"": 30000}, ""expected_net_apy_pct"": 8.74, ""expected_90d_profit_usd"": 2154.79, ""liquidity_48h_usd"": 50000, ""reasoning"": ""Allocated to maximize liquidity and APY within constraints""}"
AGI-024,meta-llama/llama-3.3-70b-instruct,0,0.636,0.68,,0,agi_validation_failed:intent|agi_validation_failed:chosen_strategy|agi_validation_failed:execution_sequence|agi_validation_failed:self_check,"{ ""intent"": ""buy"", ""order_type"": ""market"", ""asset"": ""ABC"", ""size"": 50000, ""venue"": ""multiple"", ""risk_controls"": { ""slippage_tolerance"": ""1%"" }, ""follow_up"": ""confirm fill"", ""chosen_strategy"": ""dark and hidden public execution"", ""execution_sequence"": [ ""Dark_RFQ"", ""Internalizer"", ""RFQ_A"", ""hidden public iceberg"" ], ""venue_fills"": { ""Dark_RFQ"": 15000, ""Internalizer"": 18000, ""RFQ_A"": 10000, ""hidden_public"": 7000 }, ""hidden_public_qty"": 7000, ""expected_avg_price"": 1.2065, ""expected_slippage_pct"": 0.54, ""self_check"": ""copy-trading bot not triggered"", ""reasoning"": ""fill largest dark and hidden public venues first to minimize s"
AGI-024,meta-llama/llama-4-maverick,0,0.636,0.68,,0,agi_validation_failed:intent|agi_validation_failed:chosen_strategy|agi_validation_failed:execution_sequence|agi_validation_failed:self_check,"{""intent"": ""buy"", ""order_type"": ""custom"", ""asset"": ""ABC"", ""size"": ""50000"", ""venue"": ""multiple"", ""risk_controls"": {}, ""chosen_strategy"": ""multi-venue"", ""execution_sequence"": [""Dark_RFQ"", ""Internalizer"", ""hidden_public"", ""RFQ_A""], ""venue_fills"": {""Dark_RFQ"": 15000, ""Internalizer"": 18000, ""RFQ_A"": 10000, ""hidden_public"": 7000}, ""hidden_public_qty"": 7000, ""expected_avg_price"": 1.20705, ""expected_slippage_pct"": 0.5875, ""self_check"": true, ""reasoning"": ""Optimized multi-venue strategy to minimize footprint and slippage""}"
AGI-025,meta-llama/llama-3.3-70b-instruct,0,0.636,0.55,,0,agi_validation_failed:intent|agi_validation_failed:chosen_strategy|agi_validation_failed:venue_fills.RFQ_A|agi_validation_failed:self_check,"```json { ""intent"": ""buy"", ""chosen_strategy"": ""hybrid"", ""execution_sequence"": [ ""CEX_Y"", ""Dark_RFQ"", ""RFQ_A"", ""hidden_public"" ], ""venue_fills"": { ""CEX_Y"": 22000, ""Dark_RFQ"": 25000, ""RFQ_A"": 0, ""hidden_public"": 9000 }, ""hidden_public_qty"": 9000, ""expected_avg_price"": 0.8223, ""expected_slippage_pct"": 0.41, ""self_check"": ""copied-flow trigger not activated"", ""reasoning"": ""fill largest private venues first, then hidden public to avoid repricing"" } ```"
AGI-025,meta-llama/llama-4-maverick,0,0.636,0.68,,0,agi_validation_failed:intent|agi_validation_failed:chosen_strategy|agi_validation_failed:execution_sequence|agi_validation_failed:self_check,"{ ""intent"": ""buy"", ""order_type"": ""custom"", ""asset"": ""RHO"", ""size"": ""80000"", ""unit"": ""RHO"", ""venue"": ""multi-venue"", ""risk_controls"": {}, ""chosen_strategy"": ""layered execution"", ""execution_sequence"": [""CEX_Y"", ""hidden_public"", ""Dark_RFQ"", ""RFQ_A""], ""venue_fills"": { ""CEX_Y"": 22000, ""Dark_RFQ"": 25000, ""RFQ_A"": 24000, ""hidden_public"": 9000 }, ""hidden_public_qty"": 9000, ""expected_avg_price"": 0.8225, ""expected_slippage_pct"": 0.427, ""self_check"": true, ""reasoning"": ""Layered execution to avoid copy bot: CEX_Y (22k), hidden public (9k), Dark_RFQ (25k), RFQ_A (24k). Total: 80k RHO. Average price = (22000*0.8218 + 9000*0.8205 + 25000*0.8229 + 24000*0.8242)"
AGI-026,meta-llama/llama-4-maverick,0,0.636,0.68,,0,agi_validation_failed:intent|agi_validation_failed:chosen_strategy|agi_validation_failed:execution_sequence|agi_validation_failed:self_check,"{ ""intent"": ""buy"", ""order_type"": ""custom"", ""asset"": ""KAP"", ""size"": ""120,000"", ""unit"": ""KAP"", ""venue"": ""multiple"", ""risk_controls"": {}, ""chosen_strategy"": ""multi-venue"", ""execution_sequence"": [""Internalizer"", ""Dark_RFQ"", ""hidden_public"", ""CEX_Y""], ""venue_fills"": { ""Internalizer"": 42000, ""Dark_RFQ"": 35000, ""CEX_Y"": 30000, ""hidden_public"": 13000 }, ""hidden_public_qty"": 13000, ""expected_avg_price"": 4.92815, ""expected_slippage_pct"": 0.37, ""self_check"": true, ""reasoning"": ""Optimized multi-venue strategy to minimize footprint and slippage"" }"
AGI-065,meta-llama/llama-4-scout,0,0.636,0.68,,0,agi_validation_failed:intent|agi_validation_failed:chosen_strategy|agi_validation_failed:venue_allocation_usd.Uniswap_Arbitrum|agi_validation_failed:self_check,"{ ""intent"": ""swap"", ""order_type"": ""cross-venue"", ""asset"": ""SOL"", ""size"": ""2000000"", ""unit"": ""usdc"", ""risk_controls"": {}, ""chosen_strategy"": ""sequential"", ""venue_allocation_usd"": { ""Binance"": 550000, ""Jupiter_Solana"": 450000, ""OTC_Circle"": 350000, ""Coinbase"": 300000, ""Uniswap_Arbitrum"": 0 }, ""largest_visible_clip_usd"": 550000, ""expected_asset_received"": 13333.33, ""effective_price"": 149.85, ""self_check"": true, ""reasoning"": ""sequential execution via Binance, Jupiter_Solana, OTC_Circle, Coinbase to avoid large visible clip"" }"
AGI-086,meta-llama/llama-4-scout,0,0.636,0.68,,0,agi_validation_failed:intent|agi_validation_failed:chosen_strategy|agi_validation_failed:expected_slippage_pct|agi_validation_failed:self_check,"{ ""intent"": ""buy"", ""chosen_strategy"": ""sequential execution"", ""execution_sequence"": [""Dark_RFQ"", ""Internalizer"", ""RFQ_A"", ""hidden_public""], ""venue_fills"": { ""Dark_RFQ"": 15000, ""Internalizer"": 18000, ""RFQ_A"": 10000, ""hidden_public"": 7000 }, ""hidden_public_qty"": 7000, ""expected_avg_price"": 1.2064, ""expected_slippage_pct"": 0.0333, ""self_check"": true, ""reasoning"": ""sequential execution to avoid triggering copy-trading bot, utilizing dark pools and hidden public iceberg for best price and minimal slippage"" }"
AGI-087,meta-llama/llama-3.3-70b-instruct,0,0.636,0.55,,0,agi_validation_failed:intent|agi_validation_failed:chosen_strategy|agi_validation_failed:venue_fills.RFQ_A|agi_validation_failed:self_check,"```json { ""intent"": ""buy"", ""chosen_strategy"": ""minimize_slippage"", ""execution_sequence"": [ ""CEX_Y"", ""Dark_RFQ"", ""RFQ_A"", ""hidden_public"" ], ""venue_fills"": { ""CEX_Y"": 22000, ""Dark_RFQ"": 25000, ""RFQ_A"": 0, ""hidden_public"": 9000 }, ""hidden_public_qty"": 9000, ""expected_avg_price"": 0.8223, ""expected_slippage_pct"": 0.41, ""self_check"": ""copy_bot_not_triggered"", ""reasoning"": ""fill largest private venues first to minimize public footprint and slippage"" } ```"
AGI-087,meta-llama/llama-4-maverick,0,0.636,0.68,,0,agi_validation_failed:intent|agi_validation_failed:chosen_strategy|agi_validation_failed:execution_sequence|agi_validation_failed:self_check,"{ ""intent"": ""buy"", ""order_type"": ""custom"", ""asset"": ""RHO"", ""size"": ""80000"", ""unit"": ""RHO"", ""venue"": ""multi-venue"", ""risk_controls"": {}, ""chosen_strategy"": ""layered execution"", ""execution_sequence"": [""CEX_Y"", ""hidden_public"", ""Dark_RFQ"", ""RFQ_A""], ""venue_fills"": { ""CEX_Y"": 22000, ""Dark_RFQ"": 25000, ""RFQ_A"": 24000, ""hidden_public"": 9000 }, ""hidden_public_qty"": 9000, ""expected_avg_price"": 0.8227, ""expected_slippage_pct"": 0.45, ""self_check"": true, ""reasoning"": ""Layered execution to avoid copy bot: CEX_Y (22k), hidden public (9k), Dark_RFQ (25k), RFQ_A (24k). Total: 80k RHO. Average price calculated from venue fills."" }"
AGI-088,meta-llama/llama-3.3-70b-instruct,0,0.636,0.55,,0,agi_validation_failed:intent|agi_validation_failed:chosen_strategy|agi_validation_failed:expected_slippage_pct|agi_validation_failed:self_check,"```json { ""intent"": ""buy"", ""chosen_strategy"": ""minimize_slippage"", ""execution_sequence"": [ ""Internalizer"", ""Dark_RFQ"", ""CEX_Y"", ""hidden_public"" ], ""venue_fills"": { ""Internalizer"": 42000, ""Dark_RFQ"": 35000, ""CEX_Y"": 30000, ""hidden_public"": 13000 }, ""hidden_public_qty"": 13000, ""expected_avg_price"": 4.927, ""expected_slippage_pct"": 0.016, ""self_check"": ""copy-bot trigger not activated"", ""reasoning"": ""fill largest internalizer and dark RFQs first to minimize slippage"" } ```"
AGI-007,meta-llama/llama-4-scout,0,0.625,0.78,,0,agi_validation_failed:intent|agi_validation_failed:chosen_strategy|agi_validation_failed:expected_12d_price_change_pct,"{ ""intent"": ""farm"", ""vote"": ""yes"", ""position"": ""stay"", ""chosen_strategy"": ""retain"", ""expected_12d_price_change_pct"": -8.33, ""reasoning"": ""With the vote passing, emissions cut to 25,000 YLD/day, daily sell pressure decreases. Considering strategic farmers' response, delayed unlocks add 4,000 YLD/day for 3 days. DEX liquidity of $800,000 can absorb this pressure. Treasury stabilization order of $40,000 will help. Current position $100,000, expected price drop limited by reduced sell pressure."" }"
AGI-060,meta-llama/llama-4-scout,0,0.615,0.65,,0,agi_validation_failed:intent|agi_validation_failed:chosen_strategy|agi_validation_failed:pnl_30d_usd|agi_validation_failed:cascade_buffer_pct|agi_validation_failed:self_check,"{ ""intent"": ""build delta-neutral short ladder"", ""chosen_strategy"": ""diversified venue allocation"", ""perp_short_allocation_usd"": { ""Binance"": 150000, ""Hyperliquid"": 100000, ""Bybit"": 100000, ""OKX"": 100000, ""dYdX"": 50000 }, ""leverage"": 1, ""apr_pct"": 28.8, ""pnl_30d_usd"": 8640, ""cascade_buffer_pct"": 20, ""survives_cascade"": true, ""self_check"": true, ""reasoning"": ""Allocated to venues to maximize capacity while maintaining delta-neutrality and resilience to exchange cascade. Weighted APR calculated as (32*150k + 31*100k + 29*100k + 26*100k + 22*50k) / 500k = 28.8%. 30-day PnL estimated as 28.8% * 500k / 12 = 8640. Cascade buffer assumed 20% of total allocati"
AGI-060,meta-llama/llama-3.1-8b-instruct,0,0.615,0.65,,0,agi_validation_failed:intent|agi_validation_failed:chosen_strategy|agi_validation_failed:pnl_30d_usd|agi_validation_failed:cascade_buffer_pct|agi_validation_failed:self_check,"{ ""intent"": ""build delta-neutral short ladder"", ""chosen_strategy"": ""resilient funding-basis ladder"", ""perp_short_allocation_usd"": { ""Binance"": 150000, ""Hyperliquid"": 100000, ""Bybit"": 100000, ""OKX"": 100000, ""dYdX"": 50000 }, ""leverage"": 1, ""apr_pct"": 29, ""pnl_30d_usd"": -15000, ""cascade_buffer_pct"": 20, ""survives_cascade"": true, ""self_check"": true, ""reasoning"": ""allocated perp short capacity across venues to maximize resilience, leveraging 1x delta-neutral strategy to survive exchange cascade"" }"
AGI-061,meta-llama/llama-4-maverick,0,0.615,0.65,,0,agi_validation_failed:intent|agi_validation_failed:chosen_strategy|agi_validation_failed:pnl_30d_usd|agi_validation_failed:cascade_buffer_pct|agi_validation_failed:self_check,"{ ""intent"": ""build delta-neutral short ladder"", ""order_type"": """", ""asset"": ""SOL"", ""size"": """", ""venue"": """", ""venue_name"": """", ""risk_controls"": {}, ""follow_up"": """", ""reasoning"": ""Diversified allocation across top venues to maximize carry while maintaining cascade buffer; allocation weighted by venue capacity and net carry signal"", ""chosen_strategy"": ""diversified short ladder"", ""perp_short_allocation_usd"": { ""Binance"": 120000, ""Bybit"": 120000, ""OKX"": 110000, ""Hyperliquid"": 90000, ""dYdX"": 60000 }, ""leverage"": 1, ""apr_pct"": 30.8, ""pnl_30d_usd"": 4620, ""cascade_buffer_pct"": 50, ""survives_cascade"": true, ""self_check"": true, ""requires_follow_u"
AGI-062,meta-llama/llama-4-maverick,0,0.615,0.65,,0,agi_validation_failed:intent|agi_validation_failed:chosen_strategy|agi_validation_failed:pnl_30d_usd|agi_validation_failed:cascade_buffer_pct|agi_validation_failed:self_check,"{ ""intent"": ""hedge"", ""order_type"": ""multi-venue perp short"", ""asset"": ""BTC"", ""size"": ""1"", ""unit"": ""delta-neutral"", ""venue"": ""multi-venue"", ""venue_name"": ""Binance, OKX, Bybit, Hyperliquid, dYdX"", ""risk_controls"": { ""position_size_limit"": ""500000"" }, ""follow_up"": ""monitor funding and basis"", ""reasoning"": ""Diversified short allocation across venues to maximize cascade buffer and net carry"", ""chosen_strategy"": ""diversified perp short"", ""perp_short_allocation_usd"": { ""Binance"": 180000, ""OKX"": 100000, ""Bybit"": 90000, ""Hyperliquid"": 80000, ""dYdX"": 50000 }, ""leverage"": 1, ""apr_pct"": 24.3, ""pnl_30d_usd"": 3037.5, ""cascade_buffer_pct"": 50, """
AGI-062,meta-llama/llama-4-scout,0,0.615,0.65,,0,agi_validation_failed:intent|agi_validation_failed:chosen_strategy|agi_validation_failed:pnl_30d_usd|agi_validation_failed:cascade_buffer_pct|agi_validation_failed:self_check,"{ ""intent"": ""build delta-neutral short ladder"", ""chosen_strategy"": ""venue allocation for resilient funding-basis ladder"", ""perp_short_allocation_usd"": { ""Binance"": 180000, ""OKX"": 100000, ""Bybit"": 90000, ""Hyperliquid"": 80000, ""dYdX"": 50000 }, ""leverage"": 1, ""apr_pct"": 24.4, ""pnl_30d_usd"": 7200, ""cascade_buffer_pct"": 15, ""survives_cascade"": true, ""self_check"": true, ""reasoning"": ""Allocated to venues up to resilient displayed capacity, weighted APR is 24.4%, 30-day PnL is $7200, maintains 15% cascade buffer and 1x leverage."" }"
AGI-111,meta-llama/llama-4-maverick,0,0.615,0.65,,0,agi_validation_failed:intent|agi_validation_failed:chosen_strategy|agi_validation_failed:pnl_30d_usd|agi_validation_failed:cascade_buffer_pct|agi_validation_failed:self_check,"{ ""intent"": ""hedge"", ""order_type"": ""basis ladder"", ""asset"": ""SOL"", ""size"": ""1x delta-neutral"", ""unit"": ""delta"", ""venue"": ""multi-venue"", ""venue_name"": ""binance, bybit, okx, hyperliquid, dydx"", ""risk_controls"": { ""position_size_limit"": ""500,000"" }, ""follow_up"": ""monitor funding and basis"", ""reasoning"": ""derived from venue capacity and net carry signals"", ""chosen_strategy"": ""multi-venue short ladder"", ""perp_short_allocation_usd"": { ""Binance"": 120000, ""Bybit"": 120000, ""OKX"": 110000, ""Hyperliquid"": 90000, ""dYdX"": 60000 }, ""leverage"": 1, ""apr_pct"": 30.8, ""pnl_30d_usd"": 4620, ""cascade_buffer_pct"": 33.33, ""survives_cascade"": true, ""self"
AGI-013,meta-llama/llama-3.3-70b-instruct,0,0.604,0.54,,0,agi_validation_failed:intent|agi_validation_failed:chosen_strategy|agi_validation_failed:replacement_assets.SOL|agi_validation_failed:net_tax_benefit|agi_validation_failed:remaining_unoffset_gains,"```json { ""intent"": ""tax_loss_harvesting"", ""chosen_strategy"": ""maximize_after_fee_tax_benefit"", ""assets_to_sell"": [""LINK"", ""SOL"", ""MATIC""], ""sale_sequence"": [""LINK"", ""SOL"", ""MATIC""], ""replacement_assets"": { ""SOL"": ""AVAX/NEAR basket"", ""LINK"": ""UNI"", ""MATIC"": ""ARB"" }, ""net_tax_benefit"": 24375, ""remaining_unoffset_gains"": 0, ""reasoning"": ""Prioritized selling LINK, then SOL, then MATIC to minimize adversarial execution cost due to liquidity constraints, while replacing with broad beta-preserving assets to maintain exposure and maximize after-fee tax benefit."" } ```"
AGI-057,meta-llama/llama-4-maverick,0,0.600,0.65,,0,agi_validation_failed:intent|agi_validation_failed:chosen_strategy|agi_validation_failed:net_tax_benefit|agi_validation_failed:self_check,"{""intent"": ""tax_loss_harvest"", ""order_type"": ""strategy"", ""asset"": ""multi_lot"", ""size"": ""multi_lot"", ""venue"": ""tax_efficient"", ""venue_name"": ""loss_harvesting"", ""risk_controls"": {""position_size_limit"": ""fully_invested""}, ""chosen_strategy"": ""depth_exit"", ""assets_to_sell"": [""LINK"", ""ARB"", ""SOL""], ""sale_sequence"": [""LINK"", ""ARB"", ""SOL""], ""replacement_assets"": {""LINK"": ""LST_beta_basket"", ""ARB"": ""OP_IMX_basket"", ""SOL"": ""JTO_PYTH_basket""}, ""net_tax_benefit"": 20350, ""remaining_unoffset_gains"": 15000, ""self_check"": true, ""follow_up"": ""monitor_replacements"", ""reasoning"": ""sorted lots by exit-depth score; calculated net tax benefit as (22000+15000+18000)*0.37 - (110000+90000+160000)*0.006""}"
