id,problem_rubric_hash,full_review_hash,answer_key_verdict,tier_tagged,tier_observed,tier_variance,notes
SB-L4-001,ecb2339dfc404282cb3031f01bd7ff78f24f5910d100384f6736e49f09b90d74,6020668ca8f47ba010b65b60a5a11f15a2cbdd13c50faefb8259b00945cde41c,PARTIAL,L4,L4,0,underivable_required_labels:order_type
SB-L9-001,43c5b561bb10bff6bc8238bc87a39d5c7aa40ad4266c6456e7a702c95da2cd70,031077cff381e00dea16438705754ac17a5942df22689d00189d428963034147,PARTIAL,L9,L9,0,underivable_required_labels:rejected_routes[]
SB-AGI-001,9d0864d84cb41c3e121b769564169ea5cfc1220b35bcce626b981838d57db4d2,96319c811a94497996f7f28ee3e3ab657a7572e196879db739c091c56f26d8e1,PARTIAL,AGI,AGI,0,underivable_required_labels:rejected_routes[]
SB-L1-001,b26a63c40a4f10223f2a821c6eb52d5cceafdec2aea917dbaddfb0b1e806e77e,3679018eab2b8e1222d524fa3c895d4c543929918a65421a097d4fc5994d212e,PARTIAL,L1,L1,0,underivable_required_labels:decision
SB-L2-001,6991bf04ef078b6ba1f1811c248ff993eda9f38c3c3a70267f0ad8df4a90f299,241735798d962588f03d98d754cde81646340498bde4c79cd4f8db7ab1987175,PARTIAL,L2,L2,0,underivable_required_labels:decision
SB-L3-001,b72265082043cc50019c6eed52253d9e1c3e8f8cecd41170d56be844f37aab55,905c24dfb97320fca512a9b0981e5e427be86fd6259e9da28f46697973fc96c3,PARTIAL,L3,L3,0,underivable_required_labels:decision
SB-L5-001,8d701555abddff3825b880544841c745de62acfecf033ec06805d7e8693baaa6,491acb0816a1147b18349fb2dff4380a36400fb0efded9133ceb3cd89a239dd6,PARTIAL,L5,L5,0,underivable_required_labels:decision
SB-L6-001,e6dbed827bf2edabbdcf1e86f5ae5372d59dbba8ff184099db4b672d9315454f,f322f9ed93645ba8dca5f000c270d0de67c0bdc783afc8daf43146e2ca7f392e,PARTIAL,L6,L6,0,underivable_required_labels:decision
SB-L7-001,6ccb5afdc2bbb2147404ca88a78750e26975481e6b57bf0963479675b2794b91,8a31adbfc92799f19a75d761a65ae9174cc6f40dd0d8ce23f968cfccc6f3331d,PARTIAL,L7,L7,0,underivable_required_labels:decision
SB-L8-001,542ba01cf770bd262e5cb5b6ee7de7209bfad6d36fc500f90d75432b983d6495,b2d23bca78e2cb4dfa6317d62df54c00d0b4463f35a20595c1a9995ad26611d1,VERIFIED,L8,L8,0,numeric_derivable_and_no_blocking_label
SB-L9-002,4012cda482cf617bd121737bf27772dd569e04effb7151d9902509bc75ce0cba,ce921127bfb153504d5fc76ae8223f7964428e413ba943b73377e41dbc7fdbc3,PARTIAL,L9,L9,0,underivable_required_labels:chosen_strategy|rejected_routes[]
SB-L9-003,37211f1c10a726f59e1617443fef332d9c28e0ce736f23aa7ffe399e890ab0e1,f0ce9ac7e199d283c42827d6fe520e782d4b95b636730517dc74b297e4356d3d,PARTIAL,L9,L8,1,underivable_required_labels:rejected_routes[]
SB-L9-004,36297e79652dd8593c90e3c49674110668536649e4bbdce2fd19fe6c89bdc18c,065b502f7d35c06e36e911987ab6f2e4848ad8eece9d33199cc91a0719642df7,PARTIAL,L9,L9,0,underivable_required_labels:decision
SB-L9-005,10a461735a928a39b5243684d08979289a73e0e8f7cb07442de2b15fe132e8ad,20b680f1efb7d83fe80589ec596bfd597e1871704ff71e4c7230e848a2f61db8,VERIFIED,L9,L9,0,numeric_derivable_and_no_blocking_label
SB-L9-006,bff672de6ea9914e917227c19813377160558bee528271c6286048393f640c52,5df7c56b5aabbeb6f4dd59379ef4d16a234c5cc2007bb3e1df9d5a1d721f5287,PARTIAL,L9,L9,0,underivable_required_labels:decision
SB-L9-007,7070e9a9a7e2a62775ce72e3a8fdb8b1c490b95b73f191a3ce488f09aaf0b5a7,319fdf40c31511a18cb0ad8864878f0f2bbb65794a62be70599938353817d44e,VERIFIED,L9,L9,0,numeric_derivable_and_no_blocking_label
SB-L10-001,33605f74d135c64ec80c0160607bfb65f93bad85157007c4693a1a67642ed372,b07f59f1b7b3eae1885e4046fc5d38ed1bacee3083ada36633ecdd56b3220cb6,VERIFIED,L10,L10,0,numeric_derivable_and_no_blocking_label
SB-L10-002,ac69ab80bad1e0480c2ba1ca66e8f3093581bac5d457d177108c39f4ffe100dd,0a6b8d7eebaeef314bc77c69d3a14049b881c63ade3ffddafaa3aa417e7a7800,PARTIAL,L10,L10,0,underivable_required_labels:rejected_routes[]
SB-L10-003,5f5adbf0d9386877598764798835544f84cabfccf4c9644cc6a1ab0d39e9d780,12fe8292fced47a96c3c920b961f6acd74fc157727e626d3999fb671688067f1,PARTIAL,L10,L10,0,underivable_required_labels:decision|rejected_routes[]
SB-L10-004,914776d7fb1a60df2fd4b1522f1e39f0914e2ad956756c6e86d82e5a83ed483a,f9362ef184be864e32aa33c7ce4103564612ce43718b094859a8fc32975b3c78,VERIFIED,L10,L10,0,numeric_derivable_and_no_blocking_label
SB-L10-005,a7f8116cb4367e31771c20aaba32bdf4e8eeb8c877648bb197ee4e70a496c1d2,2995a7af55d24393c51b7e9ee0586d80e2b94d074191ccd176095668cc1ddea8,PARTIAL,L10,L10,0,underivable_required_labels:rejected_routes[]
SB-L10-006,768629c00d265ee2cc1cd7b45e56f98340d994de4408391f4432fe6be29d4caa,618c160d26aa4344b48cfff0695fe4e5ba31734cbde73e5042de4826fef0f55b,PARTIAL,L10,L10,0,underivable_required_labels:rejected_routes[]
SB-L10-007,ba998d94ffa34d1555290d7e9de0d46b87939066e16f1904c7ec02ae0d7c191d,7b0819bebf6e0d8e39e9e16ca1d117e8763f391994c23b5841f14cb1bd29a8b2,PARTIAL,L10,L10,0,underivable_required_labels:decision
SB-AGI-002,ed7092a310b720a781dbf53973f8bbb96857c378e082a0f362d4179504d275dd,bb8eff3341fa8149c6f5accde5b39472566a9036507415187ffd8ad0f17e2405,PARTIAL,AGI,AGI,0,underivable_required_labels:decision|rejected_routes[]|self_check[]
SB-AGI-003,8ce37afa12fb60ef430ebec9e555a6e64cf39f76f4d7e7cb438c8a08fc01c7bf,58889f55bbe70e81b97ba76bcabd5352b3f859583cae176545a4019e56d6a2ca,PARTIAL,AGI,AGI,0,underivable_required_labels:decision|rejected_routes[]|self_check[]
SB-AGI-004,77cc0ae9b6b4d280041f89ed2c1f7ad7cc68d52ed7537babfff58040bb3dbe2e,40d6aecffb5f59aaf4d82744b9fcdc12f2fb6ed6090248ce46466c8becf95f60,PARTIAL,AGI,AGI,0,underivable_required_labels:decision|self_check[]
SB-AGI-005,108a8519fe575220cac5dad1788c461e07ebc04fd9f385f9898f7dd80098a92f,27b884c438801326942c68a111ab2e6bcb802634aa21ec680fbc668a8f8067e0,PARTIAL,AGI,AGI,0,underivable_required_labels:self_check[]
SB-AGI-006,70b7418d332ab705f9a785f152775d154e93ef7afc24c19e4c4a2209425b032d,1f1e28e509b575e8c322839d652ff5a06fb81e24695836350fb43b63e396cac5,PARTIAL,AGI,AGI,0,underivable_required_labels:decision|self_check[]
SB-AGI-007,7e5d43daace88aab57d75cd1889f3c37acd62c56b4132dbf4330aac58e05bfb7,5a548c64a5ca2419a4441df878391fd968f8f1b9dae1ba9e5c32704e6b5ec0b5,PARTIAL,AGI,AGI,0,underivable_required_labels:self_check[]
SB-AGI-008,6823ec72ed5c0d9937319432ee159f374a333758b861fab4502d1a2b929cd96f,abefd5e2438834fd9ccbe657df40ff9c49396145a43ee9f76cfa8489a5b0f219,PARTIAL,AGI,AGI,0,underivable_required_labels:decision|rejected_routes[]
SB-L1-002,b2effee1d57c20c22cc587d47b50e18689a99877121588256c6abf34e2f9d743,b2f6f07423741f343e02a13dcf975517e16880bf900406a8428fb3b56e089045,VERIFIED,L1,L1,0,numeric_derivable_and_no_blocking_label
SB-L1-003,3a1dc8ae308656f7c2d8b68bdc8bdd49d06d0bd9c12f7242d94467659b78a5e2,e413cdc778c1463daadcdb4972e67b4e461c64dbbfc2957e9ecb237883e9da6c,VERIFIED,L1,L1,0,numeric_derivable_and_no_blocking_label
SB-L2-002,c8f7bb7adfd67aba18a134aacfc07ad09a7de3558f244050093d58fd23c7866b,0ba33f364a105e77daa9ea570deb567c4db3a9e3b214e15bb2e8d42548f81099,PARTIAL,L2,L2,0,underivable_required_labels:decision
SB-L2-003,ce02cec06ed129a0334011c05b2f5d8e5959b019959001642e9e2b66c6df8fcd,fa1e80f6dd460b8313617f357749505578ea6edae774261d4a188220e3d786af,PARTIAL,L2,L2,0,underivable_required_labels:decision
SB-L2-004,58e27dd750608a7c52e8d75fcfa60358933c7461ce1c8a4110733741a4e58d62,d9f4ffd6348f337ec4738f448bf88de768747e8716ea72348ebd7e47b873a1bc,VERIFIED,L2,L2,0,numeric_derivable_and_no_blocking_label
SB-L3-002,a0033314d336b2557adff9201c917b8482dcd326203f53e7575eba1fdfdc209d,d0b95557d761221daa17d951d4ce0ead52c1daf1e99302cb3452c3df53e569c8,PARTIAL,L3,L3,0,underivable_required_labels:decision
SB-L3-003,5078ba5f1bcf30dc3955f2c87b80aad130d5b9e5cf79463329b330f36b9cebbb,a46c5f42068a71dbf921818b98500315b9667ebcf84346723bc3ac9562fdb3a3,PARTIAL,L3,L3,0,underivable_required_labels:decision
SB-L4-002,978173cff2ecc6edfdc2fd031806ca30780be4f54d037d78b5a8b76e548468db,394f8fb1e42d7363307b7a0596b19af57e97108b66699c41cbfabcecf8150955,VERIFIED,L4,L4,0,numeric_derivable_and_no_blocking_label
SB-L4-003,4a307f3bb9ee653a7f1ed7ae94642510b660516d2ddd66dff259bd0f1c5c3bf3,426b89f25a4ec70693a0232ad63ced3844f664a5e7c89998cfdb32ed4e286729,VERIFIED,L4,L4,0,numeric_derivable_and_no_blocking_label
SB-L4-004,dc6607cdf691671d8d86074a631965df66b6bbc57f19c3119ff82d7490884746,d8304827df5c4e2009df3f1b7568935516f3b6e8fe1bc893b829886fb4edb86a,VERIFIED,L4,L4,0,numeric_derivable_and_no_blocking_label
SB-L4-005,cbc5af29e1334ce5d5cfff3872acc85203a16d087487ae89d0d9f8a2c2ca36a2,48ff8a984d360b3c1c3e5909f869f879d1195a49c632748b481531cde48dd238,VERIFIED,L4,L4,0,numeric_derivable_and_no_blocking_label
SB-L5-002,3f537fde508b5d2fa8787812edb77871fe27c02ea7b4efbe6881c9630267510b,7029caac00de66cede5a8ae3fbb8c44bbcc6a9b5695a1a347d57c4bd576cdde0,PARTIAL,L5,L5,0,underivable_required_labels:decision|side
SB-L5-003,b520cc11ff818da2f70cd296bcf9d4b527f080bcf1d4cc41c958113448661c71,17e1ba540878d542cc682ad9d0940cdccf9d7447d602fd74947e5fe76c778225,PARTIAL,L5,L5,0,underivable_required_labels:decision|side
SB-L5-004,caa04c4a5ee8272e1fe9a170f871de97f5674245dd0a8950c5d9d307b8cbeaf3,b9f82f42d7bd56b0e07650988e31eb4abd6e688209100e5fb5868f8489fc155f,PARTIAL,L5,L5,0,underivable_required_labels:decision|side
SB-L5-005,8f0e8dc5ebc2ca63d1e6e91c6a1a5b6c1159de8bfda1179e7455ff4e42dc47ec,64eae3dfac029f38f1207ada4ca488627d3fc57b3e22dc5979fad69ca8eaf931,PARTIAL,L5,L5,0,underivable_required_labels:decision|side
SB-L6-002,7367978699ff57f80fb90182d499b48125c7ef43625a6f9d060c582d1968a291,1bc0a54af45b840d6d560e0265929a0dafb347a2b522a2ea1a1671ee12928d5c,PARTIAL,L6,L6,0,underivable_required_labels:execution_sequence[]
SB-L6-003,7bdfab5a77c2af59a408f60b338a062b00cceacb3af1c7bdbeecd7d76371525f,31a2105fa13d4ac7c49145186000b260037616f11a96e1427461c206fef46b2e,PARTIAL,L6,L6,0,underivable_required_labels:execution_sequence[]
SB-L6-004,da0872bf2bb352e3ac7a771c9bf28ee4dd69ca367abb099f2858a700a8a6f29f,7f8d548d764815ed131ed0c6a64b2a932373d1a06929871069410fd1d406e8c8,PARTIAL,L6,L6,0,underivable_required_labels:execution_sequence[]
SB-L6-005,d1577ce8f44fc2ae41c233ee4923ed285291afef69b613c50689fdf872c6a72a,3b23529ea1ee5a1f8102c85518e9d779fddfe0738aef66c00a2c4c653565d40c,PARTIAL,L6,L6,0,underivable_required_labels:execution_sequence[]
SB-L7-002,22c98468d0416e35a4917304bddc0e82d370bbd7cd96adb7e1c8be2922c3cc2e,33352f166706be690c575236f81e78c8110c57614b5709330abe86dd00d1b94a,PARTIAL,L7,L7,0,underivable_required_labels:decision
SB-L7-003,0d24f2a2dfde4d5ffc417508152c7153390f34265c9aa04dbf141b3760a39ef2,537afa0d2026b182411d281747d6d86fb90a9a105d27aec5a7616e0c7027ce08,PARTIAL,L7,L7,0,underivable_required_labels:decision
SB-L7-004,775927c9f4f0562659534edec3796186f91eef08268d14159567e88cb3e37352,65786f63de637f51d4373c2a739f9173e83afb16ee6ca31257df4cbf058b3667,PARTIAL,L7,L7,0,underivable_required_labels:decision
SB-L7-005,6eb2d519519c7124bbc77a6ec15025c14699a5a715e6078cceb55e9f27db8a5b,42de9b7351f746a8dbd4cea823dcd453642ea702f2a183e472575c4b1fb177f3,PARTIAL,L7,L7,0,underivable_required_labels:decision
SB-L8-002,28e435fa2da3fbd58eefc73663852287f4c3ea01de59ac28b133f5f77347993f,b0e932f54e298ed3d94f7287dd04ac3c76acba7b714509cf7c1d482333ba3e10,VERIFIED,L8,L8,0,numeric_derivable_and_no_blocking_label
SB-L8-003,a13897f67cb9abd5e197b8674f9f9abb89d074ee56b1ed0a517717d6c25d9e01,3069f7514fe290360cc3594adae5404d7ae8e9cef6bb6fb8f62b75644bf4945b,VERIFIED,L8,L8,0,numeric_derivable_and_no_blocking_label
SB-L8-004,20737483d526dfdf1b374e6caae1525e94391b60cfba5b2ec268bdf44136259b,0f48b28fe481a6ad67f60bf8833a11be6bfc78604d1e5cbaed5bd612f551042a,VERIFIED,L8,L8,0,numeric_derivable_and_no_blocking_label
SB-L8-005,f3eeebc947b5f3a23eea57e2ca58d2f02f8b12b8ff1c1794354b6a63f9677a51,7f509e15022d6ef8ed5a83b4e332ef5284da175be8435274f03eec869982c534,VERIFIED,L8,L8,0,numeric_derivable_and_no_blocking_label
SB-L8-006,f796a26fdf22a00889cc8911b5515ce042f029fa84128cdd5185a0a5d0400c34,1142d5c931a9e38b47b42080567543dcaada01e689f844a2b9f59eaec97968dd,VERIFIED,L8,L8,0,numeric_derivable_and_no_blocking_label
SB-L8-007,60fbaca877d592168397c8df48e3e5e3c061fba148ee05b240035516ce8d2e1e,98f2e338e638283dd31496e458bc79b556c768e3b86906cd5e9afcccceb53796,VERIFIED,L8,L8,0,numeric_derivable_and_no_blocking_label
SB-L8-008,3ba0ee7b382299ba88dd7dd60c91898df7174531b10e90a3000f2216e2b9fe2c,64681c2774cc6824b25946b684dd8e7500f042113be24e08a8bb7f3707d68230,VERIFIED,L8,L8,0,numeric_derivable_and_no_blocking_label
SB-L8-009,b91bb37de4505304fb650454a36202a803c05eeb83d06023292c9015cc3d8845,15f7a19ed6a7630340b8f00ae7768f0e6511ecc8d89bbbada83d5f34b565e3ec,VERIFIED,L8,L8,0,numeric_derivable_and_no_blocking_label
SB-L8-010,3d2b8d6a5bf57dd63273e5c4db4f803ff64ca05c0fcf7c8f38b2be11079ec43b,e6b8f7ad0a361b657871e7f666efd624229e42dff8236138e96ba2795087f7b3,VERIFIED,L8,L8,0,numeric_derivable_and_no_blocking_label
SB-L9-008,0e59a52f0f85b80ff6adc8693899cc7b54b4f4f1385da73a7effa04a61c96e37,b5919837d1eb26ff3325b1cd4ff6f2c841fa04392b34d4d0680e31ef229cfed2,PARTIAL,L9,L9,0,underivable_required_labels:decision
SB-L9-009,efb4bdda60be33ab998ec2d7e5547c6194555614bf274096feb2a2198e8f5341,cd64ac52e6cb5ef2708c38cb0810df02681eab2fefbe0a94c583ea8d048e3b86,PARTIAL,L9,L9,0,underivable_required_labels:decision
SB-L9-010,35bd2dbb753d4511dbcfe6df48fc09d1f3cbfef9182921b450e0bd54faf77411,9bc9447a9c2ef0a8541b95e55fc5ef58e4cb9cc70e2d2bfc98ad2e3ebd73ffa4,PARTIAL,L9,L9,0,underivable_required_labels:rejected_routes[]
SB-L9-011,01f1a2356d8cb6f02eb142ec7f496d104bd497f135bf7528b88e6e06e51f85ae,4c70c085baa3ae044b5ec8a93fcd97b9035728bf8ae592318ce84b867d35032f,PARTIAL,L9,L9,0,underivable_required_labels:decision
SB-L9-012,dd27301e12461029e4f5dd0259313b70729bfa58cab86cfc2a5ee4c0da228add,e645f4a3732ecf86591df0b969cd22944639cb4085e22eb8bf3010a36282b76e,PARTIAL,L9,L9,0,underivable_required_labels:rejected_routes[]
SB-L9-013,e7553d00d75e0b096af9998525004d81410adb212a8fce4c0ead952769160eb6,b3b309841db1ee9bf8288547bd4a196014c038423b89bd022b15885f267c5e98,PARTIAL,L9,L9,0,underivable_required_labels:decision
SB-L9-014,308baba8f79820158629c426a010af6bf0bed57ffc09201807f07f76b175a92b,147b0303187f0fd7c909ac2b684ca481111ab1827828931171b7f02c976a7391,PARTIAL,L9,L9,0,underivable_required_labels:rejected_routes[]
SB-L9-015,af2e4fba10c2b7f4337aa61150d3f43c1313402855cabd88a3ef4c4eb123c70a,88e5d046562b2d67b38e18346f661fdfc4951feb4b458e85b3f94afbc7e3b0b5,PARTIAL,L9,L9,0,underivable_required_labels:decision
SB-L9-016,bd16137f6633b061f18c235e21da210876100b02cf51da7414dbdf2c32457d04,f70369129cf040b19ddebe02bc71ca9e2524fae38baad3fe5d2096be211bf7b6,PARTIAL,L9,L9,0,underivable_required_labels:rejected_routes[]
SB-L9-017,bb87c3001e821694ad18f65d5050eef4f4a478bc732e97c0b37c7c2fc773fd8b,12002e135390c9a7b2f2883cb4808b14e55635ce6d3b48343a927fef853dc3b6,PARTIAL,L9,L9,0,underivable_required_labels:decision
SB-L9-018,be385b011a9f06cef20722c03b50210ab2d5d953b32e6f858623640837eac953,6d96a05a08dca3e11f92d96d334190bedc8194afb21dc8eec89bcd75eab19df6,PARTIAL,L9,L9,0,underivable_required_labels:rejected_routes[]
SB-L9-019,bfdc2813b35ac31887f50f292a275bea973b5a396362a646ee8b839064a6faed,1d5bf0115c29d575275fad65c939d637952f600e5b514e31d22bd42a94906659,PARTIAL,L9,L9,0,exact_duplicate_prompt_x3; underivable_required_labels:rejected_routes[]
SB-L9-020,de2299d4a2fc684b75e406c5d467f3835f18d646290812a6c0e8ade9a10e764e,0d0e94b045f979902333e2b2ba96db3a66c01d76ae866b982f85a3f94dfdeea2,PARTIAL,L9,L9,0,underivable_required_labels:decision|rejected_routes[]
SB-L9-021,913f7e861732ff06e26e9ad6baeb92ba59e315978b125c7f9117a11116993ce7,9aac02d9df60e6bf1ee8d839cecb22c70924e64bb064756356d85d47d43be8b0,PARTIAL,L9,L9,0,underivable_required_labels:decision
SB-L9-022,96014f8b2ffaf779b8a2ec8e7add4211026fd0e7f56e076341bcb4110cafc3b6,6ebc0ff780cd091ddf0643240f3282ceaa49f4540b2793eaad04d8d7a1f4e33b,PARTIAL,L9,L9,0,underivable_required_labels:rejected_routes[]
SB-L9-023,c750403a30823bcaede1fd6f3d24d3f911027578c7db963f40a51bc7cd19455d,69a8ebe3b070aa436eb4c987ef8c2958bd5b23a953e9e172b441b01d9d080bd4,PARTIAL,L9,L9,0,exact_duplicate_prompt_x2; underivable_required_labels:rejected_routes[]
SB-L9-024,6ca4c45d02ba47aaae5797212095d15ccbf7b277df09fc5be6b2200b940b5d69,61b39586926f7245b9024b2f4083e390d080ecf2dbb90e0c51fabcb4b32d83d1,PARTIAL,L9,L9,0,underivable_required_labels:decision|rejected_routes[]
SB-L9-025,67e24f330cc0afa5ba665e9a9207f9240d510be77e75e2a3d0ce6afad364211d,c1af9e3652eb4cac6c9015897c42be09cdffbe0f9aede550492df145bf062864,PARTIAL,L9,L9,0,underivable_required_labels:decision
SB-L9-026,de722b615a5897641a8146fcd90268c11943c74cfc0322ecd31afe237b77d551,efc2eedff2242968a09c3299ea6002ebe2f0c115535322f558beb7c492358c34,PARTIAL,L9,L9,0,underivable_required_labels:rejected_routes[]
SB-L9-027,5a97153daf669bd113cbed08e1adda77cc8787d33c64410f635e7673a6b858c6,5debef890f0e4ce3453d2d30a63e41cf8c31e0973bb5ac7fa7ddadb1e9ad09a4,PARTIAL,L9,L9,0,exact_duplicate_prompt_x3; underivable_required_labels:rejected_routes[]
SB-L9-028,dd45ab3811ba6b734fb212c491933f6a5c5687a6ce28bee66e5411fe6f3bf79b,9dbca2bb3fbcd64566868f2b923306d30d6c4e9ad30fecc945da30e6c317d2ec,PARTIAL,L9,L9,0,underivable_required_labels:decision|chosen_strategy|rejected_routes[]
SB-L9-029,97e88369e29cb57e463233dcb26fcf602ae126eeff74385f459a11ae87f459c8,a90e25c7ddfe119046ab2a11e6b90781a8d74b17cf1542c76c140abc9bc40361,PARTIAL,L9,L9,0,underivable_required_labels:decision|rejected_routes[]
SB-L9-030,c9eccb967a4246cf15e71537d421f7ef358b35fbaafa94e65c03dc5413d00af8,22b7131a4ffdc94f9bfb6acf19f2f1b6627e87d3e5b9909b2e81c1e5c318cc4f,PARTIAL,L9,L9,0,underivable_required_labels:decision
SB-L9-031,0d1e2508facd23dab6efb64f952576b91d3c31b028dad9a6e1405060c48601cc,adc68eae6ac44fe98fe923c493a321c5783c09cbe0f4cfb103340bb54dc39dfc,PARTIAL,L9,L9,0,underivable_required_labels:decision
SB-L9-032,214e6490e0c67c7c380e8cd539c186a2211545870e1d334a3f52e900084ed307,7094094d86a269ab5627eec3d635b05a5ea3b57fc48f717df54448e6c08014c0,PARTIAL,L9,L9,0,underivable_required_labels:rejected_routes[]
SB-L9-033,90b6a9f8f516dbcf5f07c8e92f216e9e2b23084977a7458895f08b2874c84b2b,10d648196169ec77a45131e2be8de57297b7bb4b1c203dc292e756ea1db86b3d,PARTIAL,L9,L9,0,exact_duplicate_prompt_x2; underivable_required_labels:rejected_routes[]
SB-L9-034,31ff032d17f5abb3235d8c525ada91b891cbe5ae3fd4c547c5889c62c1c6d47a,a8a80d279fd7d24f27c5818195add4b25862bbb28b6c8885c1719e38efed5cf8,PARTIAL,L9,L9,0,underivable_required_labels:decision|chosen_strategy|rejected_routes[]
SB-L9-035,7b985d2423f8b1f44f3ba6d28c4036183dbed3f2ad8970969f1f6406dd4275dc,124f2218e61da48d22a745a35610511c7eb112d69f02d5c8e055cab780c65cea,PARTIAL,L9,L9,0,underivable_required_labels:decision|rejected_routes[]
SB-L9-036,e397fc5d3c6739487cb01df06b45ef46ebf62312a50ee6440b8f431cad3f60ec,7dd9b372eefa6c7e457e3c68ca2f0c9a74c6c2f0c89309a30bd5ac3c0109a50f,PARTIAL,L9,L9,0,underivable_required_labels:decision
SB-L9-037,790e75adb1c5a7c6eef39aa661784f03e97e15b3089dcd7bd98ca79c74e077da,143748b760de4ccc97df06088a377a3de819a7e5287c6e375f031b1c013dcfff,PARTIAL,L9,L9,0,underivable_required_labels:decision
SB-L9-038,b7c5455e300e346478c9291dccacf79465afc672113dc5ee786cfea4fdf423c8,2f6f38d75103481233896dbc7625feb11e50897c3814093bf3bb0dbf8afb4b6c,PARTIAL,L9,L9,0,underivable_required_labels:rejected_routes[]
SB-L9-039,c9db8d4b5dab49fd8096d2387e89f68bdc2a132157c1477653189ecbd9c0d659,a912c8c553959ae3b6db476bf881794eae06edf7e6dc46486c14ba78cabaa761,PARTIAL,L9,L9,0,exact_duplicate_prompt_x2; underivable_required_labels:rejected_routes[]
SB-L9-040,249697aa9aa8ea57b611ebe7bf101b2ca09d5ae88fcbad37b7cd3be4f84127ba,02b85991a90fa2c04c2938a03cbc63d42b28b3725da3fbf988ded8ad4f72b9dc,PARTIAL,L9,L9,0,underivable_required_labels:decision|chosen_strategy|rejected_routes[]
SB-L9-041,a9d244001c9940a983d8bd1ea8eff5e524281c493a304285b80477fbdeb0d000,0d5a6abfca339c1cd5712d2b245a23f3e3725c64d0d609f83538edec3d380da3,PARTIAL,L9,L9,0,underivable_required_labels:decision|rejected_routes[]
SB-L9-042,4f06e3f610739d4e5b5f91471a85ff6368f59a3ded83e8e4ff09a7cad99b00bf,439bc935c21b4b9ca5b91516858f7995b4afda847df115d8ccd4ae1a8c747b4d,PARTIAL,L9,L9,0,exact_duplicate_prompt_x2; underivable_required_labels:decision
SB-L9-043,cd61b094ee38f790331ce6799396551774e8acff409068023a02c1643acaa8f0,a9f7606eb066e7f736ee3393d315056cb9ca6a009bf73c468a86408d41cae585,PARTIAL,L9,L9,0,underivable_required_labels:rejected_routes[]
SB-L9-044,aad2f0c0f68d68b0a9b67d7b1ef99adc5fe08a26bc72f69845ccd3e8500ab9e6,adde2d8ed560ec62a265897cb77c76e8d3f5a873a8af15edd6feded136ae2f57,PARTIAL,L9,L9,0,underivable_required_labels:self_check[]
SB-L9-045,674c3a43224cf0c99ec40789d3c994d9c01e1435ebcaf27ccdde1391fe39f4a1,889b550037d62813361cbdb7b1475807eead36c7618d5051f3de9c320f384207,PARTIAL,L9,L9,0,underivable_required_labels:decision
SB-L9-046,0f2ec74c2c7d6bee36de042c78b0dd6d0a76a477345f9aac6d2ecb893906cafa,4c08074b989a4609a6986170719b1c37749fa0a6162dfe85a082f217a6451772,PARTIAL,L9,L9,0,underivable_required_labels:decision
SB-L9-047,29303bde1f1818b5755ae4a1a2a8325e952c91beb27d880638cbeb8add0276b0,0f0ab4e20a6be52c9103575bc64348e588fb6ad464ecd16c805cb1a82892e0d7,PARTIAL,L9,L9,0,underivable_required_labels:rejected_routes[]
SB-L9-048,f28b447fdb70edd4968cb08913eda5166a76987a210ea44672bf8d0f64b4b1f4,77e75eb9d3b808caf99df09f3554a202a0d92d49d254565a81f7e7e07396a8f7,PARTIAL,L9,L9,0,underivable_required_labels:rejected_routes[]
SB-L9-049,cf95c6a9f2101adb235df48e4d4b24c0e11d303cb296980e4c507b9813f57a46,79fe0c7990dd590b17c1b009ae68411746e982c8c79de644ef0243080965c9b6,PARTIAL,L9,L9,0,underivable_required_labels:decision|chosen_strategy|rejected_routes[]
SB-L9-050,9be5ff3db9da6bc17df066f5a7e6d467f67e53cd3cecbe6646563370d0ff1c05,b127186d7705474094465d0523d34f2f4fdf53d13ecffea4e758752e7bb8296f,PARTIAL,L9,L9,0,underivable_required_labels:decision|rejected_routes[]
SB-L9-051,aedf1729b32ce93c3cec72cfa2f91a6aff86ac4f3f6961fd88625a9cdee49e0c,6f1059851a1a836cda8a0a5606ab57f982e33bb91c57e2c1ff5a64ea13c730ab,PARTIAL,L9,L9,0,underivable_required_labels:decision
SB-L9-052,07e9b77cf89defcb5df0510c064e5ad7f402dcc2e5031aa183d99a1142b4d863,f3300d93f86914f888dfc8585e2955be8d7c1d9b693fd3383c6f37e5b669bbac,PARTIAL,L9,L9,0,underivable_required_labels:rejected_routes[]
SB-L9-053,48098b01c1c2eeb0cadf3a5b7ceb4f85296279003a0b2148edf9650cb502fe7f,473589601b5438dc3dc883293d4a2cacb423a2009465063f5eb1729d2200e3ff,PARTIAL,L9,L9,0,underivable_required_labels:rejected_routes[]|self_check[]
SB-L9-054,9f86e7be5a3c90420c6810f8bc7e57439589d1b4a2da5b6a1c207aaeb460d4ed,28930b6f61df0a018b591943e5bbceca5e13f5d03bd04c5b25f97dbc53ee4fbf,PARTIAL,L9,L9,0,underivable_required_labels:decision
SB-L9-055,78ec4f2f59eea111615e0fc489cc34f5b87dcd7e876ac578d136f53b592ff4dd,54425c7e66a63a5b0c002b47f990c3d7a0337285a7071f6f0cae93f7f61841c2,PARTIAL,L9,L9,0,underivable_required_labels:decision
SB-L9-056,7c17b916102cd23f0c854f19a7fd70ab10d86145f8ea724882572bac4eddc6db,69614e59a721b59c524c689688d714e97854ad1cb522242d2af3032700d0dc2a,PARTIAL,L9,L9,0,underivable_required_labels:rejected_routes[]
SB-L9-057,0ed6b24c8cbb2067d7fdad4435722ca139dd5293d479c7764e1f053c3eac1c38,026aeee811d498fa4975fee29cec965aa24ddcd2d2e66f5da738eff992ba9b36,PARTIAL,L9,L9,0,exact_duplicate_prompt_x2; underivable_required_labels:rejected_routes[]
SB-L9-058,4606e1f7d5fe04eb2e212526cd835c2028e78527fccd8364be3a4743f13d1a93,9d8b8e5078f8817f720e52fd8959e131a13a5c13c598689df206d1ac60e29db8,PARTIAL,L9,L9,0,underivable_required_labels:decision|chosen_strategy|rejected_routes[]
SB-L9-059,62b8cf28080de92bd5769bf84b45d2e1960cb639d92b65218834688bd4c37f2d,2f3dcf4785e9b4d66824f516a15e4ad16ac34044a8b40280539015d8f58398a7,PARTIAL,L9,L9,0,underivable_required_labels:decision|rejected_routes[]
SB-L9-060,0bc6a5818e7380d2f4c35a9991fc3062213f0eee2b15602b9abb07c53ded3fdb,f5b15d87be234b145f0de79cdd6676bf5caa9ac94965f7b0cd1097c07bfcc12f,PARTIAL,L9,L9,0,exact_duplicate_prompt_x2; underivable_required_labels:decision
SB-L9-061,918661b7aad91aa3ae5c40e0e64a18c1c100d09fa0130542f55a02adbbcc4233,4dca553f4dbd995b08cbd38864e663a29d823a50549e6158a317c9212c441649,PARTIAL,L9,L9,0,underivable_required_labels:rejected_routes[]
SB-L9-062,85537ed38cb3455bd887d239410c5dd0db2656821d4c681fe61e22bf8b05d102,3070efbc6b251b6f6c9c54fa46e78a5c253f0e039947d21b5e70962257ab014f,PARTIAL,L9,L9,0,underivable_required_labels:rejected_routes[]|self_check[]
SB-L9-063,f79e791e0e95073206c12d85690c6e30e0cbb758ac743860ca3da5f929c4ecc8,2a5bbc231c2ec6ed08e237f4c8a4e677423989c1757c60efc0a390bf0fb15454,PARTIAL,L9,L9,0,underivable_required_labels:decision
SB-L9-064,3d59bfbdec1161e320afcb0d09bb07bf8fb30ed80ef26172cabdbfff06d3bd5e,6160e94c4ec859abf5737838f499fc566f1e02048e71df6a358681a91493f6c8,PARTIAL,L9,L9,0,underivable_required_labels:decision
SB-L9-065,15a950a4116b1746249293b69395ad9744ceeb6fddddce20029250e69f75e313,a409653569807ab93c2cc3d88aab8f1fcbec2bd828c307aa24661566d01d9781,PARTIAL,L9,L9,0,underivable_required_labels:rejected_routes[]
SB-L9-066,e59648ad46cfb442005b44915255351a3354ebb96b5c99a7a35c0803678dab93,76cf9356f5013e412bc768b519cea9d59a969f9b6b5719c85b2c31f1abaab118,PARTIAL,L9,L9,0,underivable_required_labels:rejected_routes[]
SB-L9-067,4db0d1822192b6765fe06e514a061515c371bb6420a622e390ee847e4ccf0a36,f80ee22eff208a65982f76c4509ebdd64359f3d4c078fdf89c3683897c338d37,PARTIAL,L9,L9,0,underivable_required_labels:decision|chosen_strategy|rejected_routes[]
SB-L9-068,0e661cee887599747029cdb6b12c5dec52c1f7db0dfa8be3d828ce356b1f2bb5,2a54ca378455fb6f66e1c762655c097cfeced11792ad897e94f1168cd7f2746f,PARTIAL,L9,L9,0,underivable_required_labels:decision|rejected_routes[]
SB-L9-069,03be6429ea97f1718a1536e4f32054d2e82f8123852512442129ed183fb39744,b029c9fb4d0cf2e3763fd9a8ae3a36fe51cb4a36220d726619b44654c3f7d940,PARTIAL,L9,L9,0,exact_duplicate_prompt_x2; underivable_required_labels:decision
SB-L9-070,09027f5d1e46e374dc92b0b8d9bb1cb3b227a16fe6d157aa690112d278f39704,39457098d00d8e4a01f4f67cbea13c811e16140c8383decc61e96a0b5b3772b6,PARTIAL,L9,L9,0,underivable_required_labels:rejected_routes[]
SB-L9-071,148744c611b9fe587a782ab0cfb644fd5e9a926e5bf9bcd081385e1f8878ddfa,4e0ece2f75f76b9409730e75f9239acd1a59d99c87ac81c821a9d3b69bb2bd07,PARTIAL,L9,L9,0,underivable_required_labels:rejected_routes[]|self_check[]
SB-L9-072,3bbebdf00c2ab5b41112f8c7d2203523c9fea67f7c40dd04ecceeba27ce1fc83,c17c34372f19d24eb897511e247440ccf80639f17fe758e6f89d5b29a99e0508,PARTIAL,L9,L9,0,underivable_required_labels:decision
SB-L9-073,3585285be72fcfc6db0755d26c8dacd4cf293c8320364148d0e53af8e1a337f2,ecd79c5c1e4930fa804b37c16126598cadec1cfc6c9d8b93341eae752727bdce,PARTIAL,L9,L9,0,underivable_required_labels:decision
SB-L9-074,47d740c2c3d6c3c035ec43810b65d5fb6fdf3058540af0d2c2e54000156dc4ab,347d3ab1f04e578d41c88c5aefc1eafdb35fbfb57487b7ac114460577db39719,PARTIAL,L9,L9,0,underivable_required_labels:rejected_routes[]
SB-L9-075,9cc63e7b0af9e0d3b269c15cbf3e1a28b72efddb5acfe988e6e0fd9d1579867d,cee29eebb26add3d9c771e6d029b52d30af413a7121ad8fd829a036580b11ac2,PARTIAL,L9,L9,0,exact_duplicate_prompt_x3; underivable_required_labels:rejected_routes[]
SB-L9-076,9da8c630fcf94af74131ac440df9a0e7674a34d83afcae1d65f60714a2e99669,b70ad86f85fd3d4bbc4dbb8d21aa340301e050d63dab60d561c3d4cd643c0cfc,PARTIAL,L9,L9,0,underivable_required_labels:decision|chosen_strategy|rejected_routes[]
SB-L9-077,186cee5adcf69cee9480ebb2e8af8306356782368b7e61d2d0be2cc4f24ca275,6f8dd72b9e3cb238b4c6212d20324eb78cc743b8f0ee7f81ae167a34ce4e92a8,PARTIAL,L9,L9,0,underivable_required_labels:decision|rejected_routes[]
SB-L9-078,950342c62c3b7f36ce82a5ca6c4cb64123a67c488dbe0c795e004e9face89ef1,0f7e20921ffd2687da8f0a7d065f0fc1f0f03659c6e057f6dd5a218744dc5153,PARTIAL,L9,L9,0,exact_duplicate_prompt_x2; underivable_required_labels:decision
SB-L9-079,e8c97e2a43eb764eb5e46dd96a6ebcb4d23b1361632f66b59d07dd8645017ef9,e3a7bf4061fe5cecf9b5f055d68220ab7b1d7635e6f38778fa310e708b1d3714,PARTIAL,L9,L9,0,underivable_required_labels:rejected_routes[]
SB-L9-080,3c5cd7a85ebd52cc22e5871606b2fc12af338c1bfe53931675534d9419273c23,585bdffbd1dc3214d8aec28f67d4e3367ff7ed86380ebe2784278772541518c0,PARTIAL,L9,L9,0,underivable_required_labels:self_check[]
SB-L9-081,0be72c10186be3d30ee872f8ea66088b4862778f23a93150e7dbbbf16715645b,4fa9e49548e4df6bacf6f940a5c4e8338f34b9e91f86abbcfaa0f51303fcb497,PARTIAL,L9,L9,0,underivable_required_labels:decision
SB-L10-008,f62385d1c36647682481c68d3f9763323279424859bdbdaf1a6c7ea06a6e0f40,38fd7e28f7e434cdec0e725913a275979435a39ce4ff8743c7f40fc43959e5f1,PARTIAL,L10,L8,2,tier_overstated:tagged_L10_observed_L8
SB-L10-009,e1365cd5f84b312c9fd050a93e5fc5d9cc6f5c152310b883c44709c5e017e259,a0f6dd8fcdcd27172e01a5b1e7ffbc7a53f9bf5eaffe70871fcd1c3cf533a2a5,PARTIAL,L10,L8,2,tier_overstated:tagged_L10_observed_L8
SB-L10-010,16c540b9294cfe7d542bc394200e4edc8f91f7af964bf4fcb5a9924d391b79e7,19c5f68efb62ca7ddf9b49c7a2c0dbf1a8e410f7f166d92a5da2e31d49ff7e28,PARTIAL,L10,L8,2,tier_overstated:tagged_L10_observed_L8
SB-L10-011,570296236bff2eb93d955a226a9c9314bfec83b4d83ee328d0b0d6aa79161c23,01ddf6d185449dc45544678cafc4d97ae94174945088b614e6c985eea8a33bce,PARTIAL,L10,L8,2,tier_overstated:tagged_L10_observed_L8
SB-L10-012,4e9149445bd0bb763fce11b1907729cf84b0fdac4866a079cb42a6b63906ed62,e8bfda2e9b2d63736d34d20b8833e7fbcf0b7ab3ebb2efc7a9b59e64ddcd3d53,PARTIAL,L10,L8,2,tier_overstated:tagged_L10_observed_L8
SB-L10-013,e40e1fb65fc8b14c7bc41782b3e1cb6aa30800316e0d717759b4f434ae276e4f,b111f5f5e5ed7ff97aa4529ec5e20952db99cc4cc2a620889320f92e7d8c361c,PARTIAL,L10,L8,2,tier_overstated:tagged_L10_observed_L8
SB-L10-014,9fbe792bdef9943b06c29f6cbd644cb827000d462efda3a954e6b354058dde3d,305a01bf1a85605b582a19dc2fba13d9866159b31e1793467a9ff7068b150e4e,PARTIAL,L10,L8,2,tier_overstated:tagged_L10_observed_L8
SB-L10-015,aee175b2e980a51274c36a3121a20af060e28479e12a578446fa04559a7b49c4,05efd0d47f426c6f0ab124abaacb492dae0d66d3994c75a2480a2b9453d93294,PARTIAL,L10,L8,2,tier_overstated:tagged_L10_observed_L8
SB-L10-016,8dd23827370a2c715719d236dd994b26a84d846ef307c7311ad8ef73ce90b0f4,0c7f577948caad79790b94d38c3783d2e8f5bdc33bb976e2f44c9789d86ac60f,PARTIAL,L10,L8,2,tier_overstated:tagged_L10_observed_L8
SB-L10-017,22b8fe015ad3dc93c43a3a5c1153e7410d28ebd92ec3e8b41479b6fe8f0346c1,d6d93ee32e7046bab2bb4287ccf822997a5909d35de80cc446743e60b6616033,PARTIAL,L10,L8,2,tier_overstated:tagged_L10_observed_L8
SB-L10-018,3dff61cbe6e7e012d3025eb80a1cc3c7e41ec20d56715483b1eec7843f4543ad,2b793759dda046b0ffeee9ff30222b7d6b30551d532b459d2e83319edd5c07f1,PARTIAL,L10,L8,2,tier_overstated:tagged_L10_observed_L8
SB-L10-019,941449fe93881b3144b36afaf4ba0f9d2706f61818b7864e36c73299214a4a3a,023f20e5072eb09222cd74fe56a245d88b9949aa5e3c7247d6dd82829072fb2a,PARTIAL,L10,L8,2,tier_overstated:tagged_L10_observed_L8
SB-L10-020,2f13e4114856ef9c63ae3f72a503fb532e5de58217f9e6ca2ee4efd5da3120a4,edacc77658682edcae0855d78b3d4d4926c64660561b47b0329a56fbc7482ea0,PARTIAL,L10,L8,2,tier_overstated:tagged_L10_observed_L8
SB-L10-021,9fa10628d9f0dd4b1eb3691261cd3f119f11d948b7c1069dc6f5dbd95ca427a2,6fa4611f617867a083e57bb780a03ee6723f5633b1cdfb5899268efeb42e5a9e,PARTIAL,L10,L8,2,tier_overstated:tagged_L10_observed_L8
SB-L10-022,fcbd3c27d0695fb6cefb8ada70fdefbc4e4b367cf19e462eb8f7e276921181c8,c4b18d70d51b9685463c7070942a0d3340b5bb09ecd40e3a13a3ecb770577556,PARTIAL,L10,L8,2,tier_overstated:tagged_L10_observed_L8
SB-L10-023,07f33f9b597754be1d38badb9c9aec0a62d4eb2f4581da48e6d09765b65f140b,f709149d2c108e6e3f3644466d8e9c627ca89c6104cb9caf47564339827bfe31,PARTIAL,L10,L8,2,tier_overstated:tagged_L10_observed_L8
SB-L10-024,a853fb6e7c41aa6e815251b009ce7dc3ea0e29ccb2a88396699e7df3080614b9,424a30c114e92f53529e630dd7a925deb2b142c202754c028f7d3ae406b7cd47,PARTIAL,L10,L8,2,tier_overstated:tagged_L10_observed_L8
SB-L10-025,6d14ac211365e8b8ab14e7f04a6eece1344e6daf6e85adc36c53288688e5f05e,cd836973a5c43f3b9e4bbf7d770d3673fc0267fe2889795efc830ed016e375b7,PARTIAL,L10,L8,2,tier_overstated:tagged_L10_observed_L8
SB-L10-026,3c2dcaaae578d4518a93e0e11c9ab4c3d747fd004218ef583e20b2f885193298,ea03fbfc4aad1db2b15781c098f5f4f496da47502e98c09804b35c7f5598c21f,PARTIAL,L10,L8,2,tier_overstated:tagged_L10_observed_L8
SB-L10-027,6e728fba395503d5ad6b4273b888e576f875c4bf81209b79815345616ea3688b,4f00a5e0a529cabcd5c477a6caeb474885e6ac1f49f793eef880b5447e8969db,PARTIAL,L10,L8,2,tier_overstated:tagged_L10_observed_L8
SB-L10-028,a83a62660b8b46b39fe9fd978d825896a870adc7d6850c61a56521ce07da4d5b,6492791d0a1b83d0b221a45b8c61b63c6f75e5653d29581162f8d63417d87d9b,PARTIAL,L10,L8,2,tier_overstated:tagged_L10_observed_L8
SB-L10-029,3381f672824577d02e774716885186919972840b9b808892754647cd9ef0e1a9,49000da6293343f2450541cb33b9f53c186a5af782931b06f036686e3e40c745,PARTIAL,L10,L8,2,tier_overstated:tagged_L10_observed_L8
SB-L10-030,780865b17faaf0dfa8d2e79bb5cc440b43e0070be6a8ba613424c7b242cec77b,29e9c5368f254461bfed0dabfc2859d83182ff03052b511b0b88ce8fec72c64d,PARTIAL,L10,L8,2,tier_overstated:tagged_L10_observed_L8
SB-L10-031,7f7c55dc2d236d77ff6835eff162cf28500d5d93c3e06a67741d31c944e8efbf,ed258c3fd12c4cee081805cdb89752e1d2f76b06b82ede4e9e892d29c924478d,PARTIAL,L10,L8,2,tier_overstated:tagged_L10_observed_L8
SB-L10-032,7ca4fc7b8a4e6866dbbec22b2dc1503818f77153e954c4b62d819e5fd3867fa8,8edd39ce1e6806de0c4039cf2923f1ff2600aa0fb7d3a572ad4ada038fce6b00,PARTIAL,L10,L8,2,tier_overstated:tagged_L10_observed_L8
SB-L10-033,f55428d48993d413198f133edc94022d4ba485a4e7fc89dfa9f369fade2b9949,bc5bc3f5161694d7ec90966c6fc21402586fe1a6a0b778316a1449137e9a464b,PARTIAL,L10,L8,2,tier_overstated:tagged_L10_observed_L8
SB-L10-034,e1c2724d3f71a28d0bef9a5f96f5fb578478ec34107d5e9c51122aa2c2db1e24,8d62599cd2cccbc9fd8790096761c5f5c6afcd26cfdd010b91e9cc6283731e34,PARTIAL,L10,L8,2,tier_overstated:tagged_L10_observed_L8
SB-L10-035,27f1a2415ea4164b0f8ce3580d97feaea001db9ee8bb0027354b645a2841cb82,84450d7e4c813512fc651f033a3bf0a0e4a2b2612839bb005a9c8175ce086f74,PARTIAL,L10,L8,2,tier_overstated:tagged_L10_observed_L8
SB-L10-036,2f7ead65d3787e81424ee1b20d64176e0fc3e2be4bc2b7b381c75e3775e066f1,0ba683bdf147950da051c3ad89b5c2997b3f6cb6ca38ff9ca56978a392167f69,PARTIAL,L10,L8,2,tier_overstated:tagged_L10_observed_L8
SB-L10-037,755ead629e534809b8f3e2702a1e4c3e35f92aef4ca2ea72cc52988b74cc9a89,0b7890c8f6a1e36426124e17f9b26441db0b8f3ab0a7760dbb4d6fa02a6a606f,PARTIAL,L10,L8,2,tier_overstated:tagged_L10_observed_L8
SB-L10-038,a52d1f3e500452a7b6c653aea28b4aa02f7d1dfda705f8c4fe09c0f3a3636649,8a66f24a4c4069a6114e64928c9aecc28450787dd0317d287d4eace75e265b67,PARTIAL,L10,L8,2,tier_overstated:tagged_L10_observed_L8
SB-L10-039,0c15af13eb83d244140c565fa90757b92ab16be604c3a7473c327a5665559e3a,222861d143d3d660d997651d3adeafe39c3763795b59e01b677a005f91e93964,PARTIAL,L10,L8,2,tier_overstated:tagged_L10_observed_L8
SB-L10-040,e766b46dc79dd215cb4440926bce3bb06628a0688cace7b9434ee61380ac0f32,2dd5631b0840db4c78b09630066439c3b53cb6202de292a3e80f7b8902e351d7,PARTIAL,L10,L8,2,tier_overstated:tagged_L10_observed_L8
SB-L10-041,61cbb88d15fbf06b6ae920486e53857ae660966b1cf990c9e433179ecd2558fd,a4f375885c2bc61c4455603a0391bf1c753462e39f2240cd2d0212761a548a77,PARTIAL,L10,L8,2,tier_overstated:tagged_L10_observed_L8
SB-L10-042,179307675d7209559372f3b5a044fcec45c8ba8e92c7590e3972807991295aac,fbdc2c3913d906a545e1f936b5a6680578529c4a3c0ac179e28c3c504be1b453,PARTIAL,L10,L8,2,tier_overstated:tagged_L10_observed_L8
SB-L10-043,40a4bfc4d43c1c150376df0cfdb798a4dfff5f9d9809e3b193dff5c72ed5c5d6,d6d9995a709160d1e6ee8777e10aa8eae436a06d8177f726d9499dbd11b27126,PARTIAL,L10,L8,2,tier_overstated:tagged_L10_observed_L8
SB-L10-044,1b42cee564a7b61b0adddf804dd2a94bca406b5dec721e6008748fb480076cae,c8a3e87d882367e627e222d7ced6ee222371b026669efd5229a217f6b9d2962d,PARTIAL,L10,L8,2,tier_overstated:tagged_L10_observed_L8
SB-L10-045,4f23813aa0c7550c96758f2e0928ad8057f41ef994b8f7c2725379d41df9059e,420ed9b0cd90b28e2fc53d1644e7d9eadbd83e3c646c5bc0f6d14712f54e1d22,PARTIAL,L10,L8,2,tier_overstated:tagged_L10_observed_L8
SB-L10-046,f329fd4e1a74faac1cd5012f3f31a0e675ed5476ab3e0f1025acfe09d53b17d1,9e2d2c2a8c405ad937d1632068442a6b8263857d19ffecf27ba0d6b28829daa6,PARTIAL,L10,L8,2,tier_overstated:tagged_L10_observed_L8
SB-L10-047,3d5bc3eaf4e631c8a153da116249a55d003abbdc7ed8ffcce3a796e62c7aa777,69a659153b8580084672c8e3a947905dab9ab8ca7915ac7e6f5a316b355a0eb4,PARTIAL,L10,L8,2,tier_overstated:tagged_L10_observed_L8
SB-L10-048,c5e564fdddb316224d16dcdca7854fcc92d4b9893630c7aae9d842d3a0ab19b8,acd3761826a96615575af1c469fe89cda5043ea6787d5ecf21e59249a38d038b,PARTIAL,L10,L8,2,tier_overstated:tagged_L10_observed_L8
SB-L10-049,996d2e6788bcdc5232e022749289a7a1073ccb8718504a3dd5606b6806c54f64,989fd1130a9c3f60498edb2535bde45f1d737efcb9f007d011f49ba4531c9a9b,PARTIAL,L10,L8,2,tier_overstated:tagged_L10_observed_L8
SB-L10-050,1688b4d23661ee5617cfd260dd0ea45f682d3bb91a135a2ccb0126fe900fa5c6,6bef5bfaec38b7c3c1d3664c9d16f2decb4ace3d85e0f05029353e7906214de0,PARTIAL,L10,L8,2,tier_overstated:tagged_L10_observed_L8
SB-L10-051,66b267803847638b27a479ef90a271cd6f33cfa9a3748cf719510b4a1b334c2e,b82061f5872a060b4c0d2c4fedfcaa86abd6ac7167b125af2ca0188ecbce8157,PARTIAL,L10,L8,2,tier_overstated:tagged_L10_observed_L8
SB-L10-052,66bf5977048e677bf48c16276374b7f8b28dc3226438e08e7208dcee11a7be43,e621f81621d0e502f8f8e29907b6282faf8d9b73a7a815d059c51d2981933744,PARTIAL,L10,L8,2,tier_overstated:tagged_L10_observed_L8
SB-L10-053,c7f1b585d3b54a7f17588027063c05f195269e28d9a084bb18b20f7a49540595,a64a20a012c26ed33f995e7c5a2f689614849cb10ee7ab172eddadb11a061547,PARTIAL,L10,L8,2,tier_overstated:tagged_L10_observed_L8
SB-L10-054,00faaf60d1f353e7e88a676fb20a6767639df3b020262cd7fe6f4372ce1fc52b,6f92eeda11b429cb7def3c9e6a8cc34fc7415b2685f4db945b9b436dd89a5e9a,PARTIAL,L10,L8,2,tier_overstated:tagged_L10_observed_L8
SB-L10-055,881d70bb00da0dd07f91aeea778263e6628fdc5541f968c29dd87f4db48fc464,6866e9717fce4ecba79d6648839d0a2f6885c9732339b281e089497448d5c412,PARTIAL,L10,L8,2,tier_overstated:tagged_L10_observed_L8
SB-L10-056,925b0f9c08bb54b147e15205f198684abd78c8ca5ba376b524c7f078f753381e,fb6805e68111744946332c8fdbc25c9ec7e3196a9791c06bb436706675894f79,PARTIAL,L10,L8,2,tier_overstated:tagged_L10_observed_L8
SB-L10-057,1c1ebb75d0ea146334e811eedd2d5f6749524ba3f781cddbd8764365ddfd06cf,7641d469912e36323ba02b0f37400d5cc7dfab212d7d7bf7552f307caae8e7b8,PARTIAL,L10,L8,2,tier_overstated:tagged_L10_observed_L8
SB-L10-058,d1f005aaf430d519593375bc42d7ff78f0131fd1095707b2a88991d30d039b91,c42ca8e0d886a057d58b9ad89f18d84c0098b4f6a11a8fcde37c634d25a207e5,PARTIAL,L10,L8,2,tier_overstated:tagged_L10_observed_L8
SB-L10-059,5bcbb846fa0a59278ed64c22c914bbd110fe1712ae42ada57ce85a5ef5ab6558,7e788e99894e0c611d524b208f54a02788f060e36938fc2702212ebc99f4145e,PARTIAL,L10,L8,2,tier_overstated:tagged_L10_observed_L8
SB-L10-060,de768021204e2adb60e0c67be7361aec62be54b3756f4dc6ea22edcaa75e1a28,456076c7b6eab3ba39e90a4f489ba78674dc1ae40a62c63a9213f5ffd8ede357,PARTIAL,L10,L8,2,tier_overstated:tagged_L10_observed_L8
SB-L10-061,142a8ee95f7721fa1792ff79fe9a6d568ce389f3edb41cb30e45645d4879f6d0,2e82e3103435dcda7d02e49bc07c036725054ae361f5a17c4a7c1e1119b6592c,PARTIAL,L10,L8,2,tier_overstated:tagged_L10_observed_L8
SB-L10-062,08d7ad7b29a565aa5fb2968359f3fec47ee4f2e1749fdc6aa85c15d9f870b94f,a613d05eddf1a1fb4c38314de7273b7790722c54c11c26d14373d16045489a0b,PARTIAL,L10,L8,2,tier_overstated:tagged_L10_observed_L8
SB-L10-063,58a4c587fb47345fb16c29016116158e148c85a86b38db7996f3631a64fe6df3,bd0ed06c074c88cfb7c713305e40b3815d5dcbf2595a7ff4cca1012aff9f0504,PARTIAL,L10,L8,2,tier_overstated:tagged_L10_observed_L8
SB-L10-064,d3b80ec5467404c5d9a8b903e5a800380368103328e27ca40c2c7905b730ca34,d50646e51bbbd279515bad4aa3d908a520b9251f2d1295a2a0d263b118686b0f,PARTIAL,L10,L8,2,tier_overstated:tagged_L10_observed_L8
SB-L10-065,4f41ecbec0aebc523d95d57fa68e34c0d5c9e666f246162c843df5ade363d233,37fb2775acd3bdf775763594446efcf735bc89e9e4c6df356076123e395b7b98,PARTIAL,L10,L8,2,tier_overstated:tagged_L10_observed_L8
SB-L10-066,46669edbaf3af6f2b1c10c61d8ba7bf6a4d9911b6a3c0d36fe39c2e76d9a1b99,2b6e8659745ac2ab50760c5d111e13a25f4bb9f9cbfd446570d31e2a3b0c9b50,PARTIAL,L10,L8,2,tier_overstated:tagged_L10_observed_L8
SB-L10-067,5fadbde4d76c6adacaa325b56bef6eae778d3b64822d55090675fd0893e2e848,cdd25e7b83dfb1974d74550df75be82bfcd4206ad5078c204c2c0a3b71ab6fd2,PARTIAL,L10,L8,2,tier_overstated:tagged_L10_observed_L8
SB-L10-068,8beab0bf586df9f59592eb94c25fbb348b51cf6a34d0b6d4720bfe8d7821563e,904bcd91a90ecbb2ca81699f8f03392662b9d600e86b9a6907ebbb447f13c5a1,PARTIAL,L10,L8,2,tier_overstated:tagged_L10_observed_L8
SB-L10-069,b07e1329156f31d3959d582f5f9ea0ffa65f0dc7568f882b862e4d17c3a487a0,c5ff0f21f3b7aa027477aa31236d7af00ec42dfb0b544078c01fed285414bfb0,PARTIAL,L10,L8,2,tier_overstated:tagged_L10_observed_L8
SB-AGI-009,d72088adfa0a7ed1855cf41835220f36371f532fa285cad623270b1604c806d6,2030e6d256e6194b49c3db7a9807c623f66396d1e2a8fd31213197a822bda8d3,PARTIAL,AGI,L8,3,underivable_required_labels:decision|chosen_strategy|self_check[]; tier_overstated:tagged_AGI_observed_L8
SB-AGI-010,c896e225b71acccec99b1685c7be7a8bf56527339fdef134cc253d8df741f08a,0f1ff75fb116d75f9371ce9f9c5d8a4957a8fa507460afa8ac342c8ad5b928f8,PARTIAL,AGI,L8,3,underivable_required_labels:decision|chosen_strategy|self_check[]; tier_overstated:tagged_AGI_observed_L8
SB-AGI-011,1813a7d10157dc51521dce6def4f6bd7ff624d70b457cbeb315d16b1bd4091c9,379822f8fcbaef1788ec0627e8977c57ee80b392a91f9ddd3b50693a7b16959b,PARTIAL,AGI,L8,3,underivable_required_labels:decision|chosen_strategy|self_check[]; tier_overstated:tagged_AGI_observed_L8
SB-AGI-012,ef8bda83ff0e7ffa2bcc891f37da56daab00d4dbb3289bc9ca6914b9eb6e5c90,3ceb9ba633e01cf0d77bb3d3d9694207f5c33a8579d98b6aa8bd35c197b538b8,PARTIAL,AGI,L8,3,underivable_required_labels:decision|chosen_strategy|self_check[]; tier_overstated:tagged_AGI_observed_L8
SB-AGI-013,55846b1e236a911943258edab1718f516536ca96dab862ee7e1447bc5818cbce,99fd7894860310e1b26b567cac047f240360ca6aedd6a6ee5b2d0a6687e6720c,PARTIAL,AGI,L8,3,underivable_required_labels:decision|chosen_strategy|self_check[]; tier_overstated:tagged_AGI_observed_L8
SB-AGI-014,126224d1320fc54233b6a031392b9c85b9d37898c4a821d20c6aa608ef106dc0,caf2d8444b49a1966b480f03427e86b0739304a8f752588008f8c8529aac618f,PARTIAL,AGI,L8,3,underivable_required_labels:decision|chosen_strategy|self_check[]; tier_overstated:tagged_AGI_observed_L8
SB-AGI-015,d777cce70f3fd1e684b8445f4243726192a2a3878e2e6a888b2eafd6917b9887,f44221055941ca27919215861b3f11600e26e5f04b8e89c5f16b15541b8401f8,PARTIAL,AGI,L8,3,underivable_required_labels:decision|chosen_strategy|self_check[]; tier_overstated:tagged_AGI_observed_L8
SB-AGI-016,c512eb9202a9a9a61b18c6624175889f0fabc453a82b4a34542457f94fea5207,cf464f0bfe9740e4d10853816c4fa10511fde1c5cf7c67850fb0577b737e1328,PARTIAL,AGI,L8,3,underivable_required_labels:decision|chosen_strategy|self_check[]; tier_overstated:tagged_AGI_observed_L8
SB-AGI-017,339f19bf3ce56b51eaec785873a34da0e45b4895361293921eb00d15f9c3220c,9306f8e005f7b525c22eaa9d34fdeebd999970481101f60561736f4b865ba806,PARTIAL,AGI,L8,3,underivable_required_labels:decision|chosen_strategy|self_check[]; tier_overstated:tagged_AGI_observed_L8
SB-AGI-018,28cf96426daec9663d105dff989ad65f85eb982478e3f547ce5231e6e6102b56,e2710173dc05333757a98b5c5ff1e3f02e3219252b7f32a0efb7b7c94fa66fe3,PARTIAL,AGI,L8,3,underivable_required_labels:decision|chosen_strategy|self_check[]; tier_overstated:tagged_AGI_observed_L8
SB-AGI-019,db5a93efcaaab72ba607875b08bd0f391a9b3572a42a5179967f465f0c8bec6c,60332d46b118d53b0c57e8a316ec8cd598a4a413c5ed7b962a1a527cf2030c13,PARTIAL,AGI,L8,3,underivable_required_labels:decision|chosen_strategy|self_check[]; tier_overstated:tagged_AGI_observed_L8
SB-AGI-020,8e01250dd469f42630bc73a3fce7b7a1abd34f0d1ab8439c200ca8d8e9cb8f2f,ddd0de4b4791d252ebdfe7cd98b071c7ff66ad121232f63ea9a525768b08ed31,PARTIAL,AGI,L8,3,underivable_required_labels:decision|chosen_strategy|self_check[]; tier_overstated:tagged_AGI_observed_L8
SB-AGI-021,71e4219508097c30b28cf07fa33510535596fe02e7a9e459e09e9f2c3803575c,7dbe1ea6f798ce122cecf892f9589582c10443fb0295c7d1400fa3289a0e87d5,PARTIAL,AGI,L8,3,underivable_required_labels:decision|chosen_strategy|self_check[]; tier_overstated:tagged_AGI_observed_L8
SB-AGI-022,bf0f4878c244219df21500a5b8318baccb8ff5afe81d9734870ba7102b1b5ce2,36f194998089b3e0a09079516079840541daa79a755bdefa0da81969f50f9b32,PARTIAL,AGI,L8,3,underivable_required_labels:decision|chosen_strategy|self_check[]; tier_overstated:tagged_AGI_observed_L8
SB-AGI-023,c98f87501c76285c20cfb856c7e532e23e186237981e1955f3b49768e73823c6,e05d76e3b4bfb712ed2e50222c530616b5691a657e2bf923db7b9e9d23905290,PARTIAL,AGI,L8,3,underivable_required_labels:decision|chosen_strategy|self_check[]; tier_overstated:tagged_AGI_observed_L8
SB-AGI-024,edb7a69f2ea93751da04f5f45e4413469f95c4edb78b63006958229956d7d6b1,b0d1ddb53048a95f81d945a1b667ef55afe3c3111b498f384826182adc181bbd,PARTIAL,AGI,L8,3,underivable_required_labels:decision|chosen_strategy|self_check[]; tier_overstated:tagged_AGI_observed_L8
SB-AGI-025,d48862f17bfc0f28b926480de03a0d7961cf15e490b1cb59173ea53ddc640fcc,9d4387e31f72b0f30630c285ef87a58390cae6f0b204d0a46347089c897a6314,PARTIAL,AGI,L8,3,underivable_required_labels:decision|chosen_strategy|self_check[]; tier_overstated:tagged_AGI_observed_L8
SB-AGI-026,469c7e0490ba5b5b3cf082fec8d5bc41b1b5a1585ec2ce289cf2860cfe2d316c,7234dbaed79564c70e7746724b1dd05b3e460f7a81f3b4ef1eab3d6d04758b2a,PARTIAL,AGI,L8,3,underivable_required_labels:decision|chosen_strategy|self_check[]; tier_overstated:tagged_AGI_observed_L8
SB-AGI-027,930a48c16c33bb74de62aad417f29b6f2051fb21326c011d9494f87876b9ef41,5b29cae88fa3426eae5a602424fe889f6de9ded58fd37d1a13453c172311b3bb,PARTIAL,AGI,L8,3,underivable_required_labels:decision|chosen_strategy|self_check[]; tier_overstated:tagged_AGI_observed_L8
SB-AGI-028,698e9dfdac488f45f27056cc3c802c1f66b3e70954512c1fc82c057386a9b12b,a7bef1546c26eee3924630b7ce71d3c4f5d7af4b7bba8edf2ccd760f8602d082,PARTIAL,AGI,L8,3,underivable_required_labels:decision|chosen_strategy|self_check[]; tier_overstated:tagged_AGI_observed_L8
SB-AGI-029,727d92637ecba34da5f2ecd9fff244b11ca5d5bfb8112dbabdbdb983beade387,1006386e570a7143ceb81ef5124b033f1eccd8f1eb90cbb91c326261cd449bc9,PARTIAL,AGI,L8,3,underivable_required_labels:decision|chosen_strategy|self_check[]; tier_overstated:tagged_AGI_observed_L8
SB-AGI-030,721ad8acaa329118bcc33811b6dd8993b7af151e65f759789497f242673dd2a1,46d13904d2bb2f133be39fd0a57a00b354b3e8929be9ab1c3d78e226e85a6b46,PARTIAL,AGI,L8,3,underivable_required_labels:decision|chosen_strategy|self_check[]; tier_overstated:tagged_AGI_observed_L8
SB-AGI-031,bc001cca03cd7974c641dd4de7f2b8bb127f61620eca6ad902c2b80a0571eb4d,e1b5676a8a38486cbbe3cb6408a00c5fe2f8d19d140f2f2db77aaea1d68853ca,PARTIAL,AGI,L8,3,underivable_required_labels:decision|chosen_strategy|self_check[]; tier_overstated:tagged_AGI_observed_L8
SB-AGI-032,29f87e8b033da293f09467252f0c2c36aa23b28d430171918cea009d115e786b,620428a6cf6bae8af0e3fe06d63ed3ec6d42a0a47f91f1a3a17cc75938c9d01a,PARTIAL,AGI,L8,3,underivable_required_labels:decision|chosen_strategy|self_check[]; tier_overstated:tagged_AGI_observed_L8
SB-AGI-033,50850d16ed089c970d904f7a8aee4e01e3e5c061d8b9e1b4fa245eeca7119e82,51e2ebbea51f0115dd069ac1170d44bdb4fdbbe19b0e700362dd55387c0c29ea,PARTIAL,AGI,L8,3,underivable_required_labels:decision|chosen_strategy|self_check[]; tier_overstated:tagged_AGI_observed_L8
SB-AGI-034,288eb140739d24f301ce0253da481e4f3d9fcef0147bc356526e25815388140b,c904fc1f66664797b6c23164eda13ed101d102770b225c2b9072bd0601c4f8c9,PARTIAL,AGI,L8,3,underivable_required_labels:decision|chosen_strategy|self_check[]; tier_overstated:tagged_AGI_observed_L8
SB-AGI-035,ccb692d8eb8628557ab359774cc242cf186e8d7e4151c693e4360b28e148acfd,faaab6b00caa7299bec1c4b18edb2e0a05b6e11d72f0ae43361933e03712504c,PARTIAL,AGI,L8,3,underivable_required_labels:decision|chosen_strategy|self_check[]; tier_overstated:tagged_AGI_observed_L8
SB-AGI-036,b2f8ad1d565be1fb16f651cbc20df54c0de2a47c115b34ce7133c430015adfaa,ca84df9bd2c7b72250eacdfb25e92d2033fa253ecdfd8345dd8b0ac0731a925e,PARTIAL,AGI,L8,3,underivable_required_labels:decision|chosen_strategy|self_check[]; tier_overstated:tagged_AGI_observed_L8
SB-AGI-037,0b1ca9ef3028a6144bd574b09d2fa2b38a9367ca934bf23a2eddbaaa419b31a3,83cacb11c481efbfe05a44faf26642937447c0c3b52dde73233344d80a5e0e05,PARTIAL,AGI,L8,3,underivable_required_labels:decision|chosen_strategy|self_check[]; tier_overstated:tagged_AGI_observed_L8
SB-AGI-038,5b7fe2f8915a891e98913090c8dbc72e48e4b2cec77ed6e66486b0d7b089c9f0,8954f46587f18a2a1edd0f835a74f5febeca9f472005a4bf968427e4ae2ed239,PARTIAL,AGI,L8,3,underivable_required_labels:decision|chosen_strategy|self_check[]; tier_overstated:tagged_AGI_observed_L8
SB-AGI-039,faf8737f0e5dc0d079818b99f6a5e2e29a2eea08a3f29052b4968445922db0ff,2f979708ef92f7f88813fc11f59fefe39dd98b4ea587b3e8d6f5232ab8af6c62,PARTIAL,AGI,L8,3,underivable_required_labels:decision|chosen_strategy|self_check[]; tier_overstated:tagged_AGI_observed_L8
SB-AGI-040,51240531fc1a9fd8358af38d60feeae9c7ee371f37c8183b71aeb310c2d3016b,556733f795130c7ec206599ff9a8266ffbaf8f7cb2d82ea56d430a23e59f77a3,PARTIAL,AGI,L8,3,underivable_required_labels:decision|chosen_strategy|self_check[]; tier_overstated:tagged_AGI_observed_L8
SB-AGI-041,44314d70ddd8116cabdb34690c330367c4911fa21280295e8a1e97e166d86570,13c3689fae888a686176eca43d0a9adccbce6bd0f16e8a651c52e3105a59aa20,PARTIAL,AGI,L8,3,underivable_required_labels:decision|chosen_strategy|self_check[]; tier_overstated:tagged_AGI_observed_L8
SB-AGI-042,e224089784caa66c0bbac8bf81718d8382ab482b6c2a809fc31739f4e8795612,a32301ac6bbffd0b53b30cebd35af9475214e42f771cf3bf9af86aa60e158ae3,PARTIAL,AGI,L8,3,underivable_required_labels:decision|chosen_strategy|self_check[]; tier_overstated:tagged_AGI_observed_L8
SB-AGI-043,ece3cce10180b5a9020ca725da97330d3f449f1564e133864af493368245b666,e84d47cdfeaabcc9cd668e19d6c894eb113751103f8cbc4fe5211754341d4fb1,PARTIAL,AGI,L8,3,underivable_required_labels:decision|chosen_strategy|self_check[]; tier_overstated:tagged_AGI_observed_L8
SB-AGI-044,3962431cf6347923a88359bbf028e315035c4da8a5c199bdd947d648b5137b92,2809988acda720ad7302cf01fc203924a9c193e5c32777429c522da62600a937,PARTIAL,AGI,L8,3,underivable_required_labels:decision|chosen_strategy|self_check[]; tier_overstated:tagged_AGI_observed_L8
SB-AGI-045,93f6f2033ddb1c5585775b9685e8871deefac87d56432e97ca622decaf275f99,3b069cbd8fa9c74f4fbe700d674f17dfd9996b4cb5303385758862f2ee5e2869,PARTIAL,AGI,L8,3,underivable_required_labels:decision|chosen_strategy|self_check[]; tier_overstated:tagged_AGI_observed_L8
SB-AGI-046,35151e3fd76e6c7450642dc9c5edbcdc2b7e59c517275aa16e1a4d703058185b,9cf19f14fe859dc35b167df8cccdf562a8c0bed274f9f2fdf8a191f59dd62ca0,PARTIAL,AGI,L8,3,underivable_required_labels:decision|chosen_strategy|self_check[]; tier_overstated:tagged_AGI_observed_L8
SB-AGI-047,33da6cca6d2cd889c68c8df77df01f9a22c27136eff71be3e54fc9d7a8f4780c,1e1925aed18316b176cf4ccd3aafddfca8492fe444b4d76f0a649959289ae2f6,PARTIAL,AGI,L8,3,underivable_required_labels:decision|chosen_strategy|self_check[]; tier_overstated:tagged_AGI_observed_L8
SB-AGI-048,93785af7ccb172495ad895ba519a8e4ba57639188435d1376b3ac0f673658593,3aa284e6690243eea382903f82328918957c7957574e5bcd3bbb6f2d65864116,PARTIAL,AGI,L8,3,underivable_required_labels:decision|chosen_strategy|self_check[]; tier_overstated:tagged_AGI_observed_L8
SB-AGI-049,9f579b3c25ba2ddea0d798d28eb06cb3b1b68036e0584cdff909b07490d58235,38032e623f871338bcec07197b02d790087333d1797825876e20d8b2fe68daaa,PARTIAL,AGI,L8,3,underivable_required_labels:decision|chosen_strategy|self_check[]; tier_overstated:tagged_AGI_observed_L8
SB-AGI-050,84a70742bb24cfa8d19643e2719f289ff5f3e06af9b0b9e1eaf3a78535ec4b0c,2902c8696b7d6e9386f500f3bed817e5e305e3d530fecec52fb048756f9da357,PARTIAL,AGI,L8,3,underivable_required_labels:decision|chosen_strategy|self_check[]; tier_overstated:tagged_AGI_observed_L8
SB-AGI-051,ae6d55324c049b757e8238d484ec98b70ff54d99350fae909fb2cf8bce1e51a3,0a45263a320af08326d69aa520c13e72b3aafe20ea01be307d878248970e5482,PARTIAL,AGI,L8,3,underivable_required_labels:decision|chosen_strategy|self_check[]; tier_overstated:tagged_AGI_observed_L8
SB-AGI-052,e6bcc031855cc281325f357956de3630d4ea191bd10234098457a85b479aede7,074e5cec4079f24a1a78887f96725dbaba2e19d625f732c082b9e06078efa79f,PARTIAL,AGI,L8,3,underivable_required_labels:decision|chosen_strategy|self_check[]; tier_overstated:tagged_AGI_observed_L8
SB-AGI-053,ec25df5e10476b5f05683ccc2d7d8b47696b6cb043bc563511901a0f1f809fea,22ef24d2a6698e035a5571b420e7217b3409e4886a537421a04aa2286015349c,PARTIAL,AGI,L8,3,underivable_required_labels:decision|chosen_strategy|self_check[]; tier_overstated:tagged_AGI_observed_L8
SB-AGI-054,65474e67d389fea64ac6acd8eb287e5c62c741cee64fd63110c956b0da03eb94,04f8574d24cd513eb0678489630b7771d33ac5a0e57ffb14261d5fe554407e21,PARTIAL,AGI,L8,3,underivable_required_labels:decision|chosen_strategy|self_check[]; tier_overstated:tagged_AGI_observed_L8
SB-AGI-055,b68f43c8a49e8cc616ed61dd26bad589e14a39262154b901e2f29bbfe702d115,dd02a43ef539144d1e6773807df29871e5dc04c0d002d43b14da080daa947a2a,PARTIAL,AGI,L8,3,underivable_required_labels:decision|chosen_strategy|self_check[]; tier_overstated:tagged_AGI_observed_L8
SB-AGI-056,ff453fdff9f7abd76c527359b376517a18c05bef7b486884c449c76c6c056107,145763ff08d179b26613373af22f1ec812a5f09866b745772b65b35e82612acb,PARTIAL,AGI,L8,3,underivable_required_labels:decision|chosen_strategy|self_check[]; tier_overstated:tagged_AGI_observed_L8
SB-AGI-057,5e0a5ba96e473b9e1c7d98a9ad62d5d3c229323df7741936a962805c9c872887,485cc1878a635b1b1b31e6c22133985d7bf6dd7a6a3a8ab5648ac44e99cb6915,PARTIAL,AGI,L8,3,underivable_required_labels:decision|chosen_strategy|self_check[]; tier_overstated:tagged_AGI_observed_L8
SB-AGI-058,c55f33c246dcc255ecec02669db0f96084a5302fb8af9cba6d4b2b6f0d57a472,6b081be0bce8371230a856b0ed7238803f303e90c85c10c922b6b44b80d209a5,PARTIAL,AGI,L8,3,underivable_required_labels:decision|chosen_strategy|self_check[]; tier_overstated:tagged_AGI_observed_L8
SB-AGI-059,59b90d4550c9a812cd4c332205fdd36897aa43350951234a83f50d2d9b16f05a,631e2fa9945e878ae32fafcb4b690d668150b4a55866682b14dbc2f89c58db2f,PARTIAL,AGI,L8,3,underivable_required_labels:decision|chosen_strategy|self_check[]; tier_overstated:tagged_AGI_observed_L8
SB-AGI-060,284b2c80ee8c2f803baab89a5555042f392e2dee5a1a8d501feccaae2a35674f,d08b16b3af07368feee2b4e3078d376f30caeff5d12ee988e6bccdb915bbdc5e,PARTIAL,AGI,L8,3,underivable_required_labels:decision|chosen_strategy|self_check[]; tier_overstated:tagged_AGI_observed_L8
SB-AGI-061,e03a7828d5f2867651eaca28a9c2a9539260d3949d78e64c9812f8148e6700fe,828c9199864071c0f3b3f2439350420ba0295d35c05eee311fcc80ec46bb563f,PARTIAL,AGI,L8,3,underivable_required_labels:decision|chosen_strategy|self_check[]; tier_overstated:tagged_AGI_observed_L8
SB-AGI-062,d256bcad8a8a113294e3f82e1702ba8e48e34fd0a8a809b95d859c83cc5b83d5,4023bc138efc13fbd697f40d7cf1c32f0209519841989dd5df44e7a2985abc17,PARTIAL,AGI,L8,3,underivable_required_labels:decision|chosen_strategy|self_check[]; tier_overstated:tagged_AGI_observed_L8
SB-AGI-063,fce53c7e3964d724f4110cf1188fb98c555dfcff1481950b1438e2d7e968385d,e3c3350884dbd8a1e070441380c208fb88d119bb53ae6e05f787b78033088a01,PARTIAL,AGI,L8,3,underivable_required_labels:decision|chosen_strategy|self_check[]; tier_overstated:tagged_AGI_observed_L8
SB-AGI-064,a3350a5424bbf9eab68b0484e5f556ac1ef283533ad40f9b4522f20d96b518c7,ace5a9d2fd88489f2765471e52c7cc1f04011e5d0f1a9afc043291fecc297173,PARTIAL,AGI,L8,3,underivable_required_labels:decision|chosen_strategy|self_check[]; tier_overstated:tagged_AGI_observed_L8
SB-AGI-065,c24e08ffaf9e13e92637a1b74d479d4012d1fe093faf75b5d8f78b27216b2167,a2415ed28d35618c95d27c4bdbe41f9d931ac3f3e035b7a55e7d16f90eca3ced,PARTIAL,AGI,L8,3,underivable_required_labels:decision|chosen_strategy|self_check[]; tier_overstated:tagged_AGI_observed_L8
SB-AGI-066,aa28b9dede9b4ae6f730512020f5264cbbb3b21c599334cf2951ee06a61ed5c1,84be047fe8f2326c46de392b1ca9e5c96bbfa4d67d1e1a35e25ea95af2643b2b,PARTIAL,AGI,L8,3,underivable_required_labels:decision|chosen_strategy|self_check[]; tier_overstated:tagged_AGI_observed_L8
SB-AGI-067,52cac2f8c47d55dc4594a62f51808b9887d175cd8ec6b4e7966aff865fc0bb14,149359cb4e4d2715d19f13d0cb7f38f183fe90fa693cb46085271d42eca035a8,PARTIAL,AGI,L8,3,underivable_required_labels:decision|chosen_strategy|self_check[]; tier_overstated:tagged_AGI_observed_L8
SB-AGI-068,7ac8e8f1239652de2c213f04874b34184b32a003ad4ad58c404363f64c2a794c,14257ea9c4418d556db968cdd869fe9629737d0fa5ee735a037f75ba3b93dec7,PARTIAL,AGI,L8,3,underivable_required_labels:decision|chosen_strategy|self_check[]; tier_overstated:tagged_AGI_observed_L8
SB-AGI-069,196cf5005304f744a64dc84f0b4cf8a3f7ad5986d2ee7dc80da5d3cbbf619ef9,587d0528e1bd729ec12df322127c209bf2cd27399a1582097041de2f9f582db4,PARTIAL,AGI,L8,3,underivable_required_labels:decision|chosen_strategy|self_check[]; tier_overstated:tagged_AGI_observed_L8
SB-AGI-070,400f415134fc40279f2ecba6aefb177ce2eaf6fbb247a296df9476123441c683,32a43eeaddb12ebef51508b089d700343c98232adcd7a219046ca8ed832b91b2,PARTIAL,AGI,L8,3,underivable_required_labels:decision|chosen_strategy|self_check[]; tier_overstated:tagged_AGI_observed_L8
SB-AGI-071,3ea693685ffdd6f493c722c67379de726441473272e5a967d6f9fe9c6c6658fc,aa7ba9893d5d533dc21663972c435cc42db8b334d8a99a4865375da74f5002ad,PARTIAL,AGI,L8,3,underivable_required_labels:decision|chosen_strategy|self_check[]; tier_overstated:tagged_AGI_observed_L8
SB-AGI-072,d13431bed7854216a4cbd03c55bebde7e0a819102808c0e8ad77db3bf6c9a74e,595d24ad95707c05224d80bd8cf51d1a2668546772d4a83ed56824af1c9475cc,PARTIAL,AGI,L8,3,underivable_required_labels:decision|chosen_strategy|self_check[]; tier_overstated:tagged_AGI_observed_L8
SB-AGI-073,50a842f2823a85526a44caea1f6fcafcf1a333ab311dc0f8ab54473d3dd8e7ea,c7b2a0f19254d3792f297a7e58e1b176ae53a64f29ea11b58ed29bb03060bb70,PARTIAL,AGI,L8,3,underivable_required_labels:decision|chosen_strategy|self_check[]; tier_overstated:tagged_AGI_observed_L8
SB-AGI-074,bd5d119418d6ba0f2be6eccbe79218257111c3d0f7043c1ddd931d8a8c40c3fb,6dcf70b010fc810d94c48a1a388f686b2e9ab0fd2f4ccbcac0f43d05f5d1bf77,PARTIAL,AGI,L8,3,underivable_required_labels:decision|chosen_strategy|self_check[]; tier_overstated:tagged_AGI_observed_L8
SB-AGI-075,b6e03ad7a36977cdf421fcfde28f268e823076eaa2fdcfcdf00dc961e2340f92,972c9dc880b4ae96cdf8ba5cb89fb7983e880e84228e5a2c1fceb02b5f7cb4c5,PARTIAL,AGI,L8,3,underivable_required_labels:decision|chosen_strategy|self_check[]; tier_overstated:tagged_AGI_observed_L8
SB-AGI-076,90a1123795cc283d9499e32811359a8609da4df9c91038ea55ef71196f751891,3c32457dfa36c506f257307a9ca8a8d7273a4f9937118b3d755ea117fbbd405d,PARTIAL,AGI,L8,3,underivable_required_labels:decision|chosen_strategy|self_check[]; tier_overstated:tagged_AGI_observed_L8
SB-AGI-077,04d948ca0ba41e5e61a574f42982c6034890092dea1fdffc38eb6a27fa03bf97,0bfbf0c5b223301b2d313b90df09ce6d9f22c9c907995d0d72aef1a1a33e5e6c,PARTIAL,AGI,L8,3,underivable_required_labels:decision|chosen_strategy|self_check[]; tier_overstated:tagged_AGI_observed_L8
SB-AGI-078,bfd122fec6e46582e2cb190b039a9e31f49f1119cb0a313f455c4c400b76c114,d097c56ab653fa1a7a1605866f29a2a3000ee72734f866120f1b27c8d49dd0cd,PARTIAL,AGI,L8,3,underivable_required_labels:decision|chosen_strategy|self_check[]; tier_overstated:tagged_AGI_observed_L8
SB-AGI-079,409d74d2d2cf4624d9f0f9f0f4b2deaad03152e292b975ccb1cd79fd98f0f429,54c66d189c9547cc5675fc5b452bdcba97db8ada92149a41a965a8c6f62edf9f,PARTIAL,AGI,L8,3,underivable_required_labels:decision|chosen_strategy|self_check[]; tier_overstated:tagged_AGI_observed_L8
SB-AGI-080,44b26bd8045bb2fb093fc16a6ad3dfb3940de0475f4a4c871afa22c9c09c59df,5de8d8fef5ea92615bc08fc78abfaa7f878b03dc85844ae99bca5f561144c6e3,PARTIAL,AGI,L8,3,underivable_required_labels:decision|chosen_strategy|self_check[]; tier_overstated:tagged_AGI_observed_L8
SB-AGI-081,5cdccb92862932b13b2cf07856909206e26c336352b6d49704d38254445dd0c1,272493672676a82c5cefacba8282cbb7397dae2cc98bd82c11fed98030e470b4,PARTIAL,AGI,L8,3,underivable_required_labels:decision|chosen_strategy|self_check[]; tier_overstated:tagged_AGI_observed_L8
SB-AGI-082,3936cde9d3351d0eb3152337da8ac29fafa97b9cc4a85c8ac96bd482ff8c3e39,95f29f11daeac579f391a4775390243490c1b1f6df50b6cb09dab025191b25a1,PARTIAL,AGI,L8,3,underivable_required_labels:decision|chosen_strategy|self_check[]; tier_overstated:tagged_AGI_observed_L8
SB-AGI-083,0321f7d995f0d41c27ae2400cabd077966bbb2bfb7dd0d73be5df4306a0a7f6d,0630f006112e188ea182484e77a1fac1bb7da5c9a8f5546103e648a41adab98a,PARTIAL,AGI,L8,3,underivable_required_labels:decision|chosen_strategy|self_check[]; tier_overstated:tagged_AGI_observed_L8
SB-AGI-084,f0ed27526d34f3939316e0d0c8ecefc7247a11895981b7e9dffa6a4a4b8de661,061ccb0ef06d18d2e3941ea9f7a6cb501d0c9c8eba19dc5f4b9a62774e825b3c,PARTIAL,AGI,L8,3,underivable_required_labels:decision|chosen_strategy|self_check[]; tier_overstated:tagged_AGI_observed_L8
SB-AGI-085,da87d497306c2e29c5c9cf300916cd62129d009d539a225f60f9c020352a4401,8d067ea0ad6191f57bc259fbd0310e5b276be7bf9be74da472849d532c2523a5,PARTIAL,AGI,L8,3,underivable_required_labels:decision|chosen_strategy|self_check[]; tier_overstated:tagged_AGI_observed_L8
SB-AGI-086,da247001dd259928d7a56841751de2158467944037f704af99ea4e5bb74738da,609cf9017cc884dc9870fff0f452ba897bbb7cc62f7ce362c471412e3bb64675,PARTIAL,AGI,L8,3,underivable_required_labels:decision|chosen_strategy|self_check[]; tier_overstated:tagged_AGI_observed_L8
SB-AGI-087,2f221b7c31b04fc80bd00e0d1423aeefd300e4e36b15f27b211a1708d17b9859,df6364e6a8bce1d6eb1591c24d725ccc528c0f2f7d06dda8bf8a68c399fb2622,PARTIAL,AGI,L8,3,underivable_required_labels:decision|chosen_strategy|self_check[]; tier_overstated:tagged_AGI_observed_L8
SB-AGI-088,4370b4afd7d0b338f7aabda422fcec4a4f163e101892241a947b637c6826fcc4,03af2b8c397d06ffddb9559a3f0fec09d9dd7ed428ed04ec46cbd9c701874a12,PARTIAL,AGI,L8,3,underivable_required_labels:decision|chosen_strategy|self_check[]; tier_overstated:tagged_AGI_observed_L8
SB-AGI-089,e406dc3eb9cf95714b1e69eae36b274f297ff5ee3e3183e0225151507943281f,6706ab53689383512df8f0d1374ba77b50dbb5bf92e31fb2805efea1a131a6b9,PARTIAL,AGI,L8,3,underivable_required_labels:decision|chosen_strategy|self_check[]; tier_overstated:tagged_AGI_observed_L8
SB-AGI-090,8b2f7d9e134a44bda7fa3b9f26bc7c3701ca3bc37b210ca0933fceadb601dda2,b94832cbe26cfea21614a294ae1610be5fc5c55c851b0a2fde77ddab100fb33c,PARTIAL,AGI,L8,3,underivable_required_labels:decision|chosen_strategy|self_check[]; tier_overstated:tagged_AGI_observed_L8
SB-AGI-091,624fb70f18d787c9c6c761fcfb1686ea82bc0562e644cb2c3c5dbd049b6d1a28,ab5b222ae20e2c02a8226ab611e5725a863a809905eae415862bb9e7d9441ce6,PARTIAL,AGI,L8,3,underivable_required_labels:decision|chosen_strategy|self_check[]; tier_overstated:tagged_AGI_observed_L8
SB-AGI-092,1ca3a66c216dfbb21b34c1eb41c7c2086176b36c4117f71ec1e82bc1f9b73086,b2e30ca46c6677c5cd513f0d8aece334cf0147d597b75199b2eadb5afcf9f1c2,PARTIAL,AGI,L8,3,underivable_required_labels:decision|chosen_strategy|self_check[]; tier_overstated:tagged_AGI_observed_L8
SB-AGI-093,18d542f0bac140899345fb27f3352da70e5fbd9a301de87f59bfed024132a5da,4fb9f72968c65532e696b4c6820e2b53d2e962e06a9b32d165945d250e4ea30d,PARTIAL,AGI,L8,3,underivable_required_labels:decision|chosen_strategy|self_check[]; tier_overstated:tagged_AGI_observed_L8
SB-AGI-094,92066fba8287d39337233be7cdb86e944648ee99dc0509f95830f53b798d10e1,9573f0580777d2ce5238d673258c9af0154f8469662c02048d0cb824af9d51ca,PARTIAL,AGI,L8,3,underivable_required_labels:decision|chosen_strategy|self_check[]; tier_overstated:tagged_AGI_observed_L8
SB-AGI-095,2d408f5ff4497918ad2db70dcf5842e009f1b0b526569bf614792766ca35f614,5b74d32320752ca76c2b8cdd33335e7a2c0442e58ae496e9a6d6b16134013c0e,PARTIAL,AGI,L8,3,underivable_required_labels:decision|chosen_strategy|self_check[]; tier_overstated:tagged_AGI_observed_L8
SB-AGI-096,dfc57699252a87b42c645a4ca287aa2446c90e8bd46ffb55d4d8fc4e97876f7a,5d0982525623d19b52e4ac469d95c81d309d8bd4bf07e3e9cacc819b25c24572,PARTIAL,AGI,L8,3,underivable_required_labels:decision|chosen_strategy|self_check[]; tier_overstated:tagged_AGI_observed_L8
SB-AGI-097,994103f472174d40ec4d2c4be8e820ea6e0cb445e007c148402924700bf15f4b,66a8f4516bcd5be35562477ad3586e580ddb9823855f5c5c1226f0b4b4c3c5ab,PARTIAL,AGI,L8,3,underivable_required_labels:decision|chosen_strategy|self_check[]; tier_overstated:tagged_AGI_observed_L8
SB-AGI-098,f572ccaaba875606e84fb3e40a111948179e5e8b8c63df23109ea82df5dd4ac7,8f20ec6d4113a4527193f902a6f7c25fbf789549ff24a9bba46aebee56b8af03,PARTIAL,AGI,L8,3,underivable_required_labels:decision|chosen_strategy|self_check[]; tier_overstated:tagged_AGI_observed_L8
SB-AGI-099,a4f6f76dc44ab10385d61a2a3e98485de25e43d67988fae5c5c5c9b9c5ba0ee3,b4b04ff84de1b57004449c4e831a2be04a5d7299a2a294d020e28042ce74ee40,PARTIAL,AGI,L8,3,underivable_required_labels:decision|chosen_strategy|self_check[]; tier_overstated:tagged_AGI_observed_L8
SB-AGI-100,05e109288a76e6089ad709a110e1280205564ab0a56d158ef41d9358d2f3975d,30bd1a7b4e91f7f4cdc75127258f0c64c2fbf1801498b53e0078e75d0703deb9,PARTIAL,AGI,L8,3,underivable_required_labels:decision|chosen_strategy|self_check[]; tier_overstated:tagged_AGI_observed_L8
SB-AGI-101,9abe92869af23bc503bcaa1bc9790ec6aa880bb98cb25fee36df99fc9e28b928,e27693de205f71f27b2ff569ef42e17b93641391e14eaa0d8a8d44825b7458f0,PARTIAL,AGI,L8,3,underivable_required_labels:decision|chosen_strategy|self_check[]; tier_overstated:tagged_AGI_observed_L8
SB-AGI-102,201328f2e5b72e59bd56788795a08ff064c3a68e402b03be16bc43dd2067abae,f018fd36df161e03df9e41544dcfee1f816c2a9cab672359c646348daf23ad32,PARTIAL,AGI,L8,3,underivable_required_labels:decision|chosen_strategy|self_check[]; tier_overstated:tagged_AGI_observed_L8
SB-AGI-103,157d2b0d92727a4deb960521667e4d67cd5e16637840d18494632dee6fdbea19,66b5f8cfb52a90c27fafc4ce1cc846062223a07890dece8da3ec0dc55ea1d019,PARTIAL,AGI,L8,3,underivable_required_labels:decision|chosen_strategy|self_check[]; tier_overstated:tagged_AGI_observed_L8
SB-AGI-104,4ec33460eb719a7f54e4f1ed8ec6d1b4160a3c2298eee9a5c0022622097c2ac0,69a5bfd1f779b359beccc1e3cdac6e8e23801bf186ce3ab8f89ba97f1bcf84bd,PARTIAL,AGI,L8,3,underivable_required_labels:decision|chosen_strategy|self_check[]; tier_overstated:tagged_AGI_observed_L8
SB-AGI-105,3b11bc07e0a8eaaebe3601c3fffa239f1166b499487fc8991d674b5bb0e70bfc,35ed62c7e5f57c68469e41d7488670ace626cebd78752c5db882134ffdd339d9,PARTIAL,AGI,L8,3,underivable_required_labels:decision|chosen_strategy|self_check[]; tier_overstated:tagged_AGI_observed_L8
SB-AGI-106,70813df121f3fa95450bba3cf36e3f8b039ba3e4f68e8263942372cb40433ee7,72edec18b8c9c8e698ace29156ca2667bf74202e919bcc7d907e4d426c36a2a7,PARTIAL,AGI,L8,3,underivable_required_labels:decision|chosen_strategy|self_check[]; tier_overstated:tagged_AGI_observed_L8
SB-AGI-107,3e15facbbf9f5d2e61ee536cf924603d28d147d37966f999a6e8b1b675716dca,09b68ae384e57e4d4bd1bb7f468d419c3a58f3c455048ce5b451bcfd802b3250,PARTIAL,AGI,L8,3,underivable_required_labels:decision|chosen_strategy|self_check[]; tier_overstated:tagged_AGI_observed_L8
SB-AGI-108,78ee4c17fb21c5f9c341394768ba732850e27646a8d8bb76c9bd6c38a5788a58,b57096cbec308c0181453e0e10c3a0810d481b22f02282d5c5830144a44a719d,PARTIAL,AGI,L8,3,underivable_required_labels:decision|chosen_strategy|self_check[]; tier_overstated:tagged_AGI_observed_L8
SB-AGI-109,a73be5d933840a8f93742d8558b3660a94d0a0aef1fd793d287de1c9aed6c687,a7f61bfb164586d4f1bb06002ab919d3044af15eaeaba3a7b4e5f91f607a057e,PARTIAL,AGI,L8,3,underivable_required_labels:decision|chosen_strategy|self_check[]; tier_overstated:tagged_AGI_observed_L8
SB-AGI-110,d9130c9a634ee80b3df818fe227f8dd1c9ecfffaed1b2ec45bd803212a5dc14a,b88004edec9ff9d443523447c9113b000e640c7038ccd324e7f1f4bf155bdacb,PARTIAL,AGI,L8,3,underivable_required_labels:decision|chosen_strategy|self_check[]; tier_overstated:tagged_AGI_observed_L8
